{ "SolutionInfo": { "Status": 9, "Runtime": 7.2005967991352081e+03, "Work": 2.0648810578749075e+04, "ObjVal": 1e+100, "ObjBound": 2.2972001132644780e+05, "ObjBoundC": 2.2972001132644780e+05, "MIPGap": 1e+100, "IterCount": 1989752, "BarIterCount": 56, "NodeCount": 31, "SolCount": 0}}