{ "SolutionInfo": { "Status": 9, "Runtime": 7.2006364388465881e+03, "Work": 2.3447926503468618e+04, "ObjVal": 1e+100, "ObjBound": 2.4494153124322713e+05, "ObjBoundC": 2.4494153124322713e+05, "MIPGap": 1e+100, "IterCount": 1905644, "BarIterCount": 0, "NodeCount": 32, "SolCount": 0}}