{ "SolutionInfo": { "Status": 9, "Runtime": 7.2010047121047974e+03, "Work": 2.3562114944638837e+04, "ObjVal": 1e+100, "ObjBound": 2.0338900940724195e+05, "ObjBoundC": 2.0338900940724195e+05, "MIPGap": 1e+100, "IterCount": 5376113, "BarIterCount": 42, "NodeCount": 70, "SolCount": 0}}