{ "SolutionInfo": { "Status": 9, "Runtime": 7.2008494329452515e+03, "Work": 2.3952408544340455e+04, "ObjVal": 1e+100, "ObjBound": 1.9141059922380417e+05, "ObjBoundC": 1.9141059922380417e+05, "MIPGap": 1e+100, "IterCount": 4686028, "BarIterCount": 56, "NodeCount": 68, "SolCount": 0}}