{ "SolutionInfo": { "Status": 9, "Runtime": 7.2010028622150421e+03, "Work": 1.9219261379843869e+04, "ObjVal": 1e+100, "ObjBound": 1.9651519213151725e+05, "ObjBoundC": 1.9651519213151725e+05, "MIPGap": 1e+100, "IterCount": 3692813, "BarIterCount": 48, "NodeCount": 2136, "SolCount": 0}}