{ "SolutionInfo": { "Status": 9, "Runtime": 7.2008819241523743e+03, "Work": 1.9301062971606043e+04, "ObjVal": 1e+100, "ObjBound": 2.1246137912584914e+05, "ObjBoundC": 2.1246137912584914e+05, "MIPGap": 1e+100, "IterCount": 3909895, "BarIterCount": 60, "NodeCount": 2093, "SolCount": 0}}