{ "SolutionInfo": { "Status": 9, "Runtime": 7.2009989540576935e+03, "Work": 2.4311563851174789e+04, "ObjVal": 1e+100, "ObjBound": 1.6853734956495665e+05, "ObjBoundC": 1.6853734956495665e+05, "MIPGap": 1e+100, "IterCount": 5434748, "BarIterCount": 56, "NodeCount": 952, "SolCount": 0}}