{ "SolutionInfo": { "Status": 9, "Runtime": 7.2006796121597290e+03, "Work": 2.1647266926761728e+04, "ObjVal": 1e+100, "ObjBound": 2.0111707511700882e+05, "ObjBoundC": 2.0111707511700882e+05, "MIPGap": 1e+100, "IterCount": 2964624, "BarIterCount": 47, "NodeCount": 32, "SolCount": 0}}