{ "SolutionInfo": { "Status": 9, "Runtime": 7.2009803819656372e+03, "Work": 2.0591471426656648e+04, "ObjVal": 1e+100, "ObjBound": 1.8296867157121192e+05, "ObjBoundC": 1.8296867157121192e+05, "MIPGap": 1e+100, "IterCount": 2950761, "BarIterCount": 55, "NodeCount": 892, "SolCount": 0}}