{
    "0_0": 0.0,
    "0_1": 176795.82913699377,
    "0_2": 174708.88027150015,
    "0_3": 164013.53024792863,
    "0_4": 219048.81279859543,
    "0_5": 150540.28299104143,
    "0_6": 139861.26765064095,
    "0_7": 42458.34976134421,
    "0_8": 29472.57261109646,
    "0_9": 136300.88168220886,
    "0_10": 13491.981435092104,
    "0_11": 43893.609607815,
    "0_12": 83651.30306841033,
    "0_13": 75365.48943920882,
    "0_14": 100708.9222426116,
    "0_15": 204282.0768805058,
    "0_16": 217258.76044557002,
    "0_17": 12261.247152276579,
    "0_18": 138214.98615233568,
    "0_19": 21920.51904971817,
    "0_20": 70570.42858745944,
    "0_21": 185806.43634612634,
    "0_22": 83663.74143857819,
    "0_23": 92633.48871849054,
    "0_24": 85140.92110979655,
    "1_0": 176795.82913699377,
    "1_1": 0.0,
    "1_2": 23825.128606255683,
    "1_3": 160031.26172370822,
    "1_4": 175658.38827517797,
    "1_5": 180421.2285024098,
    "1_6": 125147.23768254403,
    "1_7": 216665.06624783948,
    "1_8": 199576.28890468838,
    "1_9": 57176.35268573586,
    "1_10": 190262.07994972667,
    "1_11": 136564.77630406225,
    "1_12": 158536.2862953806,
    "1_13": 230807.93299472,
    "1_14": 217660.2707600592,
    "1_15": 119681.6061519564,
    "1_16": 61257.00642911017,
    "1_17": 187342.61074951853,
    "1_18": 245172.10952914588,
    "1_19": 158813.06503987144,
    "1_20": 106267.48996502925,
    "1_21": 32217.59073952806,
    "1_22": 232979.29813822688,
    "1_23": 210303.60130048534,
    "1_24": 99599.80337026814,
    "2_0": 174708.88027150015,
    "2_1": 23825.128606255683,
    "2_2": 0.0,
    "2_3": 178730.89381385516,
    "2_4": 197945.09831889227,
    "2_5": 196860.71036943607,
    "2_6": 142446.1402680445,
    "2_7": 212510.72306756792,
    "2_8": 199677.0806975002,
    "2_9": 71827.49962373717,
    "2_10": 187952.958938339,
    "2_11": 132263.93615672426,
    "2_12": 167936.8914022023,
    "2_13": 234525.03707842017,
    "2_14": 226256.41993399622,
    "2_15": 142906.49257246166,
    "2_16": 46799.73236653852,
    "2_17": 184347.13873491235,
    "2_18": 256025.4308693218,
    "2_19": 155128.06008638392,
    "2_20": 105675.73074582173,
    "2_21": 12829.051030721213,
    "2_22": 237746.18585200713,
    "2_23": 218459.03900384033,
    "2_24": 105066.16859739825,
    "3_0": 164013.53024792863,
    "3_1": 160031.26172370822,
    "3_2": 178730.89381385516,
    "3_3": 0.0,
    "3_4": 57027.74436676481,
    "3_5": 31689.73878393179,
    "3_6": 38104.74152548204,
    "3_7": 200790.67807474517,
    "3_8": 162460.24266335127,
    "3_9": 108137.56245261768,
    "3_10": 172614.4528930068,
    "3_11": 159505.8036441589,
    "3_12": 81929.45523660611,
    "3_13": 157857.75828018773,
    "3_14": 114892.37060118797,
    "3_15": 75696.50366924219,
    "3_16": 221253.21882809335,
    "3_17": 175269.57654489143,
    "3_18": 119619.78378301837,
    "3_19": 164960.2399281839,
    "3_20": 135575.42407187683,
    "3_21": 190511.1025954022,
    "3_22": 152145.08628467904,
    "3_23": 113331.82831946338,
    "3_24": 109615.30115701315,
    "4_0": 219048.81279859543,
    "4_1": 175658.38827517797,
    "4_2": 197945.09831889227,
    "4_3": 57027.74436676481,
    "4_4": 0.0,
    "4_5": 83295.19690097826,
    "4_6": 81748.34438919104,
    "4_7": 257014.45409540017,
    "4_8": 219148.59717217853,
    "4_9": 136008.75713868922,
    "4_10": 228352.2070534317,
    "4_11": 209594.66565476402,
    "4_12": 138481.60155521898,
    "4_13": 214324.22518616577,
    "4_14": 169665.5258391841,
    "4_15": 59460.70360389337,
    "4_16": 233848.6782768506,
    "4_17": 230630.88664057798,
    "4_18": 168219.19761394596,
    "4_19": 217902.54839465595,
    "4_20": 181687.43841538636,
    "4_21": 207861.56149028914,
    "4_22": 208142.50564000092,
    "4_23": 168986.7237192919,
    "4_24": 154823.5680902572,
    "5_0": 150540.28299104143,
    "5_1": 180421.2285024098,
    "5_2": 196860.71036943607,
    "5_3": 31689.73878393179,
    "5_4": 83295.19690097826,
    "5_5": 0.0,
    "5_6": 55516.445818791035,
    "5_7": 183479.1552364491,
    "5_8": 143849.59969477772,
    "5_9": 125034.75787661123,
    "5_10": 157193.95829219857,
    "5_11": 154495.3925580777,
    "5_12": 67092.45571868657,
    "5_13": 132309.67057210414,
    "5_14": 86430.64435052607,
    "5_15": 107123.89848784628,
    "5_16": 241435.24708333844,
    "5_17": 160775.75473188478,
    "5_18": 88035.21648650992,
    "5_19": 155530.27616651694,
    "5_20": 136365.62041835097,
    "5_21": 209211.8629558382,
    "5_22": 125478.53022733152,
    "5_23": 86196.37241658515,
    "5_24": 113030.46679620686,
    "6_0": 139861.26765064095,
    "6_1": 125147.23768254403,
    "6_2": 142446.1402680445,
    "6_3": 38104.74152548204,
    "6_4": 81748.34438919104,
    "6_5": 55516.445818791035,
    "6_6": 0.0,
    "6_7": 179859.6515613056,
    "6_8": 144427.40034702237,
    "6_9": 70982.38536604334,
    "6_10": 150301.61231400774,
    "6_11": 127846.38317129498,
    "6_12": 66565.54347800842,
    "6_13": 150710.18920769164,
    "6_14": 116332.8405972011,
    "6_15": 69667.70962898657,
    "6_16": 186307.44877157387,
    "6_17": 151831.98148257143,
    "6_18": 132297.89765267374,
    "6_19": 136795.62363548347,
    "6_20": 100705.90484157662,
    "6_21": 154567.2218033143,
    "6_22": 147430.8820870264,
    "6_23": 112033.48415943973,
    "6_24": 74027.7929352301,
    "7_0": 42458.34976134421,
    "7_1": 216665.06624783948,
    "7_2": 212510.72306756792,
    "7_3": 200790.67807474517,
    "7_4": 257014.45409540017,
    "7_5": 183479.1552364491,
    "7_6": 179859.6515613056,
    "7_7": 0.0,
    "7_8": 40012.31575664605,
    "7_9": 178488.08628184427,
    "7_10": 29990.790292092486,
    "7_11": 80372.32330770693,
    "7_12": 118895.20726627794,
    "7_13": 76012.99996527558,
    "7_14": 117577.64720490159,
    "7_15": 245790.96342071754,
    "7_16": 252904.61820960452,
    "7_17": 30423.068807775704,
    "7_18": 152038.56038324017,
    "7_19": 57852.0145778993,
    "7_20": 111283.57002827282,
    "7_21": 222902.58282227238,
    "7_22": 86691.54235247058,
    "7_23": 111238.3314724855,
    "7_24": 127527.55726979449,
    "8_0": 29472.57261109646,
    "8_1": 199576.28890468838,
    "8_2": 199677.0806975002,
    "8_3": 162460.24266335127,
    "8_4": 219148.59717217853,
    "8_5": 143849.59969477772,
    "8_6": 144427.40034702237,
    "8_7": 40012.31575664605,
    "8_8": 0.0,
    "8_9": 154244.9869143577,
    "8_10": 22319.068075038085,
    "8_11": 72096.67238365387,
    "8_12": 80672.30836613743,
    "8_13": 46604.07875705365,
    "8_14": 79586.99650108935,
    "8_15": 212368.8761926636,
    "8_16": 243490.17547566106,
    "8_17": 28627.973686166963,
    "8_18": 115737.94785925538,
    "8_19": 51219.36967464756,
    "8_20": 94065.98201427363,
    "8_21": 211250.17145977408,
    "8_22": 55696.95008120878,
    "8_23": 72562.66064010338,
    "8_24": 102864.3787482306,
    "9_0": 136300.88168220886,
    "9_1": 57176.35268573586,
    "9_2": 71827.49962373717,
    "9_3": 108137.56245261768,
    "9_4": 136008.75713868922,
    "9_5": 125034.75787661123,
    "9_6": 70982.38536604334,
    "9_7": 178488.08628184427,
    "9_8": 154244.9869143577,
    "9_9": 0.0,
    "9_10": 149555.98591414237,
    "9_11": 103736.62958994087,
    "9_12": 102630.68504497108,
    "9_13": 179558.19111817115,
    "9_14": 161848.083426771,
    "9_15": 90742.95505771722,
    "9_16": 117005.75380684772,
    "9_17": 148085.64759636103,
    "9_18": 188214.4146419176,
    "9_19": 122635.16458005564,
    "9_20": 69604.0816150463,
    "9_21": 84239.84399875073,
    "9_22": 180471.6743519617,
    "9_23": 154845.63504465407,
    "9_24": 51544.023405907705,
    "10_0": 13491.981435092104,
    "10_1": 190262.07994972667,
    "10_2": 187952.958938339,
    "10_3": 172614.4528930068,
    "10_4": 228352.2070534317,
    "10_5": 157193.95829219857,
    "10_6": 150301.61231400774,
    "10_7": 29990.790292092486,
    "10_8": 22319.068075038085,
    "10_9": 149555.98591414237,
    "10_10": 0.0,