{
    "0_0": 0.0,
    "0_1": 59081.14733655404,
    "0_2": 219087.48486729278,
    "0_3": 22975.6322907949,
    "0_4": 158040.38199043483,
    "0_5": 83633.44810879194,
    "0_6": 107929.15504189026,
    "0_7": 101062.89508785638,
    "0_8": 182673.8334504772,
    "0_9": 130742.65188494106,
    "0_10": 42443.66480559047,
    "0_11": 200890.76038263418,
    "0_12": 62256.02581514626,
    "0_13": 117513.58245882594,
    "0_14": 93374.17403598572,
    "0_15": 79978.17051614022,
    "0_16": 198798.34423819624,
    "0_17": 80071.3658825955,
    "0_18": 130846.76566392626,
    "0_19": 55198.44988725236,
    "0_20": 202764.9104766627,
    "0_21": 91654.6161007009,
    "0_22": 104419.87656314358,
    "0_23": 147905.1793326913,
    "0_24": 36551.4565446229,
    "1_0": 59081.14733655404,
    "1_1": 0.0,
    "1_2": 177554.97717847594,
    "1_3": 65328.05449684447,
    "1_4": 104671.03882024907,
    "1_5": 39824.932573409125,
    "1_6": 53656.301063681036,
    "1_7": 115024.61812361986,
    "1_8": 130143.3483626251,
    "1_9": 112358.87796278327,
    "1_10": 33236.78709943106,
    "1_11": 142416.3446379875,
    "1_12": 82639.42907918853,
    "1_13": 60482.49914866014,
    "1_14": 70405.00689675056,
    "1_15": 28682.077654468085,
    "1_16": 140248.83372803166,
    "1_17": 21269.307302360252,
    "1_18": 160860.79667068756,
    "1_19": 44491.90393690092,
    "1_20": 147270.64506380918,
    "1_21": 46796.05289958073,
    "1_22": 70089.78610395703,
    "1_23": 120813.68463973657,
    "1_24": 67562.94087515792,
    "2_0": 219087.48486729278,
    "2_1": 177554.97717847594,
    "2_2": 0.0,
    "2_3": 235843.41681784473,
    "2_4": 195484.08735564956,
    "2_5": 139285.01756854076,
    "2_6": 127663.99684171415,
    "2_7": 169378.71988096816,
    "2_8": 69181.9763683263,
    "2_9": 105228.67053695924,
    "2_10": 176946.38550605543,
    "2_11": 166460.30288346607,
    "2_12": 260113.77400146786,
    "2_13": 129156.11711010594,
    "2_14": 235811.8655719947,
    "2_15": 186507.44733367048,
    "2_16": 120569.19927922796,
    "2_17": 168826.64787219054,
    "2_18": 214143.00896434096,
    "2_19": 164310.1139704039,
    "2_20": 200231.43045454036,
    "2_21": 200055.34794258678,
    "2_22": 114669.42924071616,
    "2_23": 81131.76101235795,
    "2_24": 195982.7187858661,
    "3_0": 22975.6322907949,
    "3_1": 65328.05449684447,
    "3_2": 235843.41681784473,
    "3_3": 0.0,
    "3_4": 153680.66937426483,
    "3_5": 97489.83744894994,
    "3_6": 118211.92023778032,
    "3_7": 124012.94463487304,
    "3_8": 194487.850593419,
    "3_9": 151766.2436840303,
    "3_10": 59562.79465946284,
    "3_11": 201545.23215562213,
    "3_12": 39772.09224932186,
    "3_13": 125807.84830764378,
    "3_14": 79282.90687675767,
    "3_15": 78821.84386703277,
    "3_16": 204706.02149422563,
    "3_17": 84225.0644246329,
    "3_18": 151954.37006640225,
    "3_19": 74459.17843408206,
    "3_20": 199377.38805734002,
    "3_21": 86084.96041236926,
    "3_22": 121767.92940329095,
    "3_23": 167684.83091274602,
    "3_24": 59520.1815431171,
    "4_0": 158040.38199043483,
    "4_1": 104671.03882024907,
    "4_2": 195484.08735564956,
    "4_3": 153680.66937426483,
    "4_4": 0.0,
    "4_5": 116800.78639453213,
    "4_6": 95577.51072595107,
    "4_7": 212346.55154993726,
    "4_8": 126850.47859359732,
    "4_9": 185495.84755821273,
    "4_10": 137258.10005565605,
    "4_11": 59744.49070985841,
    "4_12": 143831.2205360207,
    "4_13": 83514.45686363449,
    "4_14": 88186.62002948424,
    "4_15": 78435.63992594696,
    "4_16": 91660.53920354202,
    "4_17": 85124.59130629929,
    "4_18": 262321.7736596067,
    "4_19": 144659.09966735778,
    "4_20": 45936.284424302125,
    "4_21": 67595.78643573447,
    "4_22": 139407.12170477048,
    "4_23": 180627.64930812735,
    "4_24": 172227.1215845904,
    "5_0": 83633.44810879194,
    "5_1": 39824.932573409125,
    "5_2": 139285.01756854076,
    "5_3": 97489.83744894994,
    "5_4": 116800.78639453213,
    "5_5": 0.0,
    "5_6": 29212.89324070623,
    "5_7": 96226.66675345796,
    "5_8": 99272.1709269665,
    "5_9": 76102.5879091197,
    "5_10": 41943.24820651352,
    "5_11": 138095.34780915477,
    "5_12": 121250.72189787982,
    "5_13": 42657.577316726194,
    "5_14": 107640.53582257243,
    "5_15": 59007.24464305505,
    "5_16": 123027.96770226561,
    "5_17": 40631.87190906212,
    "5_18": 147913.04477284002,
    "5_19": 36871.16168485902,
    "5_20": 152322.86256828226,
    "5_21": 77407.73859454211,
    "5_22": 30848.519135109953,
    "5_23": 81663.05756947571,
    "5_24": 73096.76494902303,
    "6_0": 107929.15504189026,
    "6_1": 53656.301063681036,
    "6_2": 127663.99684171415,
    "6_3": 118211.92023778032,
    "6_4": 95577.51072595107,
    "6_5": 29212.89324070623,
    "6_6": 0.0,
    "6_7": 122593.65851012863,
    "6_8": 76499.21694116374,
    "6_9": 90023.5669756096,
    "6_10": 68615.6193965168,
    "6_11": 109804.73309930575,
    "6_12": 135171.0659502133,
    "6_13": 14050.675964555601,
    "6_14": 108686.00115852428,
    "6_15": 58913.66999091936,
    "6_16": 94069.94985450903,
    "6_17": 41258.63621956688,
    "6_18": 175225.5585083312,
    "6_19": 65912.54876745057,
    "6_20": 126632.9141905182,
    "6_21": 73710.53721872623,
    "6_22": 43929.093864173534,
    "6_23": 87675.82549606392,
    "6_24": 101767.47448073559,
    "7_0": 101062.89508785638,
    "7_1": 115024.61812361986,
    "7_2": 169378.71988096816,
    "7_3": 124012.94463487304,
    "7_4": 212346.55154993726,
    "7_5": 96226.66675345796,
    "7_6": 122593.65851012863,
    "7_7": 0.0,
    "7_8": 167435.43914305512,
    "7_9": 64314.0517122459,
    "7_10": 83745.37054490497,
    "7_11": 232064.21505104634,
    "7_12": 163074.1180694981,
    "7_13": 136637.64777178463,
    "7_14": 180699.52974059977,
    "7_15": 143403.1418533375,
    "7_16": 208897.68851332273,
    "7_17": 129581.07701659831,
    "7_18": 53332.36009125217,
    "7_19": 70547.56353677622,
    "7_20": 248450.02355740694,
    "7_21": 161816.9180707423,
    "7_22": 83538.49591330484,
    "7_23": 88509.52048405989,
    "7_24": 64524.05161822837,
    "8_0": 182673.8334504772,
    "8_1": 130143.3483626251,
    "8_2": 69181.9763683263,
    "8_3": 194487.850593419,
    "8_4": 126850.47859359732,
    "8_5": 99272.1709269665,
    "8_6": 76499.21694116374,
    "8_7": 167435.43914305512,
    "8_8": 0.0,
    "8_9": 109518.47338289852,
    "8_10": 141198.91124234372,
    "8_11": 99367.35721171272,
    "8_12": 210812.36467650902,
    "8_13": 71870.83694464083,
    "8_14": 176873.24295492086,
    "8_15": 130685.01168865549,
    "8_16": 56002.88065164019,
    "8_17": 115652.4585901699,
    "8_18": 219588.1396607564,
    "8_19": 133634.2493804949,
    "8_20": 131939.73063156565,
    "8_21": 140756.80316771223,
    "8_22": 88434.11116038122,
    "8_23": 90180.77453648654,
    "8_24": 169791.66437088535,
    "9_0": 130742.65188494106,
    "9_1": 112358.87796278327,
    "9_2": 105228.67053695924,
    "9_3": 151766.2436840303,
    "9_4": 185495.84755821273,
    "9_5": 76102.5879091197,
    "9_6": 90023.5669756096,
    "9_7": 64314.0517122459,
    "9_8": 109518.47338289852,
    "9_9": 0.0,
    "9_10": 94264.70756275182,
    "9_11": 189734.68050360313,
    "9_12": 185126.41775930274,
    "9_13": 102156.04481584589,
    "9_14": 182519.0073676582,
    "9_15": 135000.96481880374,
    "9_16": 158093.89302990492,
    "9_17": 116733.06606278177,
    "9_18": 112454.36306925326,
    "9_19": 78071.4823570905,
    "9_20": 212943.47250044005,
    "9_21": 153504.88311592335,
    "9_22": 47031.69352394816,
    "9_23": 24196.52911558882,
    "9_24": 99773.5158596187,
    "10_0": 42443.66480559047,
    "10_1": 33236.78709943106,
    "10_2": 176946.38550605543,
    "10_3": 59562.79465946284,
    "10_4": 137258.10005565605,
    "10_5": 41943.24820651352,
    "10_6": 68615.6193965168,
    "10_7": 83745.37054490497,
    "10_8": 141198.91124234372,
    "10_9": 94264.70756275182,
    "10_10": 0.0,
    "10_11": 170742.93432417387,