{
    "0_0": 0.0,
    "0_1": 53615.589668301516,
    "0_2": 75239.07600166682,
    "0_3": 186075.08882197592,
    "0_4": 26445.270072774383,
    "0_5": 129696.26998294386,
    "0_6": 151724.71734981588,
    "0_7": 133189.13537676635,
    "0_8": 18304.88044624142,
    "0_9": 126919.33837863202,
    "0_10": 97546.79286134467,
    "0_11": 75415.60863057747,
    "0_12": 28978.64565598282,
    "0_13": 81366.03957486825,
    "0_14": 111507.38400805724,
    "0_15": 86891.7526996259,
    "0_16": 85169.39036888177,
    "0_17": 176314.98353145612,
    "0_18": 125486.44667414729,
    "0_19": 6574.782717187812,
    "0_20": 128899.9362962131,
    "0_21": 24269.772323717283,
    "0_22": 146860.40409319487,
    "0_23": 81783.59501536687,
    "0_24": 88573.75377048062,
    "1_0": 53615.589668301516,
    "1_1": 0.0,
    "1_2": 112596.81441800525,
    "1_3": 133946.32994027797,
    "1_4": 28717.929897872662,
    "1_5": 93500.42934848333,
    "1_6": 125280.83236841092,
    "1_7": 123798.1750742783,
    "1_8": 42657.412520727186,
    "1_9": 73443.87989365715,
    "1_10": 108430.57501999356,
    "1_11": 128265.74077813992,
    "1_12": 27892.637717241578,
    "1_13": 123936.59536516214,
    "1_14": 70665.5109314467,
    "1_15": 40744.207820676056,
    "1_16": 77644.35105773676,
    "1_17": 129996.70265718694,
    "1_18": 96249.07082590427,
    "1_19": 59864.970499415234,
    "1_20": 136057.4506934302,
    "1_21": 39960.51770124023,
    "1_22": 118287.09885479188,
    "1_23": 38072.980973588914,
    "1_24": 133586.14526835954,
    "2_0": 75239.07600166682,
    "2_1": 112596.81441800525,
    "2_2": 0.0,
    "2_3": 243187.13023051957,
    "2_4": 86626.94882402259,
    "2_5": 141614.0114730358,
    "2_6": 226482.38886286976,
    "2_7": 105991.49891954825,
    "2_8": 72997.99737428276,
    "2_9": 180170.3687779927,
    "2_10": 167944.15901355265,
    "2_11": 88315.50400524787,
    "2_12": 99200.32777319005,
    "2_13": 125832.47091407167,
    "2_14": 135071.7188570841,
    "2_15": 125375.8463272768,
    "2_16": 77726.43473334247,
    "2_17": 242588.19642222032,
    "2_18": 128475.63474378033,
    "2_19": 70325.11217030529,
    "2_20": 79862.54737933808,
    "2_21": 98886.59848233982,
    "2_22": 221235.49786064416,
    "2_23": 149008.36161068678,
    "2_24": 126232.93339348726,
    "3_0": 186075.08882197592,
    "3_1": 133946.32994027797,
    "3_2": 243187.13023051957,
    "3_3": 0.0,
    "3_4": 162633.0593053322,
    "3_5": 141711.48860334282,
    "3_6": 119275.55442017318,
    "3_7": 208576.82570891088,
    "3_8": 176590.34830776864,
    "3_9": 63185.470364712775,
    "3_10": 186554.10587490644,
    "3_11": 256767.78108546187,
    "3_12": 157402.58434259563,
    "3_13": 238224.86093794624,
    "3_14": 127009.74497517534,
    "3_15": 120561.63408093348,
    "3_16": 183158.56586232551,
    "3_17": 45459.88160810953,
    "3_18": 158723.33009897554,
    "3_19": 192592.19428599556,
    "3_20": 239580.10843302362,
    "3_21": 166177.7785103438,
    "3_22": 111964.49244664023,
    "3_23": 106876.73686734764,
    "3_24": 249771.49787924025,
    "4_0": 26445.270072774383,
    "4_1": 28717.929897872662,
    "4_2": 86626.94882402259,
    "4_3": 162633.0593053322,
    "4_4": 0.0,
    "4_5": 106050.04271488318,
    "4_6": 142739.6987994457,
    "4_7": 119608.361859266,
    "4_8": 14218.791875368937,
    "4_9": 101980.53836103751,
    "4_10": 105708.66462932712,
    "4_11": 101854.02082152305,
    "4_12": 16057.79482133248,
    "4_13": 104428.83338640678,
    "4_14": 86426.93595105155,
    "4_15": 60630.74093288116,
    "4_16": 70753.80760494631,
    "4_17": 156881.1661196216,
    "4_18": 103935.04319001065,
    "4_19": 32141.231137540504,
    "4_20": 123207.19121049345,
    "4_21": 24796.802493097297,
    "4_22": 136725.9503290738,
    "4_23": 62532.96418128759,
    "4_24": 112743.72514268702,
    "5_0": 129696.26998294386,
    "5_1": 93500.42934848333,
    "5_2": 141614.0114730358,
    "5_3": 141711.48860334282,
    "5_4": 106050.04271488318,
    "5_5": 0.0,
    "5_6": 198249.45607594098,
    "5_7": 68631.54256496,
    "5_8": 111544.50356088065,
    "5_9": 90302.47459777464,
    "5_10": 201727.24176875726,
    "5_11": 200460.9430045823,
    "5_12": 116541.53911300501,
    "5_13": 210343.1218581773,
    "5_14": 24262.27516782153,
    "5_15": 54408.31166555296,
    "5_16": 64028.00114688148,
    "5_17": 165952.98923088622,
    "5_18": 18074.219483912406,
    "5_19": 133372.25242837347,
    "5_20": 104982.67492817738,
    "5_21": 128671.40403237351,
    "5_22": 189837.5609860783,
    "5_23": 114073.4740227619,
    "5_24": 218179.89847410086,
    "6_0": 151724.71734981588,
    "6_1": 125280.83236841092,
    "6_2": 226482.38886286976,
    "6_3": 119275.55442017318,
    "6_4": 142739.6987994457,
    "6_5": 198249.45607594098,
    "6_6": 0.0,
    "6_7": 246227.8114304885,
    "6_8": 154740.95844098696,
    "6_9": 115635.82203171791,
    "6_10": 91618.9108141396,
    "6_11": 196963.3409188965,
    "6_12": 128098.64474983775,
    "6_13": 160639.70863418575,
    "6_14": 174607.88513612494,
    "6_15": 148295.25991452183,
    "6_16": 202467.40610720098,
    "6_17": 76691.49922408852,
    "6_18": 208529.458616184,
    "6_19": 157338.21856109975,
    "6_20": 261337.6176126673,
    "6_21": 127670.76117521375,
    "6_22": 8667.301181481484,
    "6_23": 89312.524423286,
    "6_24": 172223.6647198775,
    "7_0": 133189.13537676635,
    "7_1": 123798.1750742783,
    "7_2": 105991.49891954825,
    "7_3": 208576.82570891088,
    "7_4": 119608.361859266,
    "7_5": 68631.54256496,
    "7_6": 246227.8114304885,
    "7_7": 0.0,
    "7_8": 116610.09495574985,
    "7_9": 151903.8978962524,
    "7_10": 225313.35451708088,
    "7_11": 186486.43631730735,
    "7_12": 134997.66694218153,
    "7_13": 211329.71130813163,
    "7_14": 82038.7288305173,
    "7_15": 99661.09309711108,
    "7_16": 48890.21135326959,
    "7_17": 227873.2137667647,
    "7_18": 50653.907959753386,
    "7_19": 133645.25657897908,
    "7_20": 40483.58150477348,
    "7_21": 144206.83153875958,
    "7_22": 238494.9639877795,
    "7_23": 156989.11626494606,
    "7_24": 215940.28978151106,
    "8_0": 18304.88044624142,
    "8_1": 42657.412520727186,
    "8_2": 72997.99737428276,
    "8_3": 176590.34830776864,
    "8_4": 14218.791875368937,
    "8_5": 111544.50356088065,
    "8_6": 154740.95844098696,
    "8_7": 116610.09495574985,
    "8_8": 0.0,
    "8_9": 115491.5741903136,
    "8_10": 110517.8604575982,
    "8_11": 91420.94413637652,
    "8_12": 26644.707586539807,
    "8_13": 99652.47395818958,
    "8_14": 93900.34688171784,
    "8_15": 70739.21591844808,
    "8_16": 68047.70791844752,
    "8_17": 171055.06682742442,
    "8_18": 107185.00266634475,
    "8_19": 21989.193366375337,
    "8_20": 115716.58318085568,
    "8_21": 30163.19310065857,
    "8_22": 149050.1710908874,
    "8_23": 76578.06795738953,
    "8_24": 106849.99213795573,
    "9_0": 126919.33837863202,
    "9_1": 73443.87989365715,
    "9_2": 180170.3687779927,
    "9_3": 63185.470364712775,
    "9_4": 101980.53836103751,
    "9_5": 90302.47459777464,
    "9_6": 115635.82203171791,
    "9_7": 151903.8978962524,
    "9_8": 115491.5741903136,
    "9_9": 0.0,
    "9_10": 150897.23284335528,
    "9_11": 200534.8834973908,
    "9_12": 99375.41466394962,
    "9_13": 189081.75929239605,
    "9_14": 70345.11178611974,
    "9_15": 57908.42168181114,
    "9_16": 121381.52668889475,
    "9_17": 76201.67548275471,
    "9_18": 104858.38888245421,
    "9_19": 133251.36005263426,
    "9_20": 179457.82339342166,
    "9_21": 109768.91468573188,
    "9_22": 106968.57391974112,
    "9_23": 56448.8301858637,
    "9_24": 199946.33844610167,
    "10_0": 97546.79286134467,
    "10_1": 108430.57501999356,
    "10_2": 167944.15901355265,
    "10_3": 186554.10587490644,
    "10_4": 105708.66462932712,
    "10_5": 201727.24176875726,
    "10_6": 91618.9108141396,
    "10_7": 225313.35451708088,
    "10_8": 110517.8604575982,
    "10_9": 150897.23284335528,
    "10_10": 0.0,
    "10_11": 113357.40104369067,