{
    "0_0": 0.0,
    "0_1": 155465.54422358982,
    "0_2": 178817.16045814502,
    "0_3": 64643.096654877394,
    "0_4": 131016.62285325071,
    "0_5": 161873.68001929516,
    "0_6": 162319.68425110768,
    "0_7": 10162.68659084791,
    "0_8": 90752.14215158811,
    "0_9": 138104.72868140557,
    "0_10": 120459.03197017033,
    "0_11": 218840.43436751646,
    "0_12": 183601.67395081432,
    "0_13": 215591.17743458156,
    "0_14": 70891.48155337283,
    "0_15": 52500.07334361249,
    "0_16": 165214.43255924038,
    "0_17": 152440.08485115817,
    "0_18": 27435.26992266678,
    "0_19": 55053.90657716018,
    "0_20": 146245.39512372125,
    "0_21": 143649.6711785399,
    "0_22": 99342.08578838894,
    "0_23": 118150.40932406734,
    "0_24": 71596.32802907263,
    "1_0": 155465.54422358982,
    "1_1": 0.0,
    "1_2": 120088.89031737568,
    "1_3": 218677.41419991598,
    "1_4": 92203.2902840687,
    "1_5": 120529.29677197164,
    "1_6": 112743.44470040852,
    "1_7": 157770.17944763985,
    "1_8": 159783.1257601656,
    "1_9": 131352.5991494059,
    "1_10": 157688.98409183422,
    "1_11": 225162.77302035593,
    "1_12": 169911.99616049902,
    "1_13": 95377.54452075045,
    "1_14": 222213.96731181,
    "1_15": 207798.14582448313,
    "1_16": 113950.71184832872,
    "1_17": 13762.148237896768,
    "1_18": 128030.72797546949,
    "1_19": 112853.05041164126,
    "1_20": 177511.67942928968,
    "1_21": 122350.9777856469,
    "1_22": 76113.389881959,
    "1_23": 119008.57489179778,
    "1_24": 122975.32300255775,
    "2_0": 178817.16045814502,
    "2_1": 120088.89031737568,
    "2_2": 0.0,
    "2_3": 221746.15854576742,
    "2_4": 197820.25445096154,
    "2_5": 19446.950381900057,
    "2_6": 16501.149681640672,
    "2_7": 173945.55764477383,
    "2_8": 116069.35627694038,
    "2_9": 51273.60260804822,
    "2_10": 89977.02958346704,
    "2_11": 110968.83313145363,
    "2_12": 57161.954212636156,
    "2_13": 71712.74714994461,
    "2_14": 218376.48816072434,
    "2_15": 223398.00447335182,
    "2_16": 13607.23262774283,
    "2_17": 132652.95044867482,
    "2_18": 159158.60549640722,
    "2_19": 124748.25283665101,
    "2_20": 91434.5387641228,
    "2_21": 228315.96753828813,
    "2_22": 164223.9109923495,
    "2_23": 215442.78375381834,
    "2_24": 194729.25163908146,
    "3_0": 64643.096654877394,
    "3_1": 218677.41419991598,
    "3_2": 221746.15854576742,
    "3_3": 0.0,
    "3_4": 192500.83061863456,
    "3_5": 202921.2019277264,
    "3_6": 205686.79111898364,
    "3_7": 60936.53351072219,
    "3_8": 111182.90830085948,
    "3_9": 173767.28690024654,
    "3_10": 143747.50646255052,
    "3_11": 232405.876202465,
    "3_12": 210957.2998680782,
    "3_13": 269655.82940498594,
    "3_14": 12666.973330360339,
    "3_15": 23300.098334591607,
    "3_16": 208483.5604017688,
    "3_17": 216477.71186037737,
    "3_18": 91449.2376800444,
    "3_19": 109964.34776555793,
    "3_20": 163598.99977174719,
    "3_21": 200648.20967634392,
    "3_22": 163445.4129003451,
    "3_23": 175109.56165876306,
    "3_24": 129553.32710322716,
    "4_0": 131016.62285325071,
    "4_1": 92203.2902840687,
    "4_2": 197820.25445096154,
    "4_3": 192500.83061863456,
    "4_4": 0.0,
    "4_5": 191433.26058074436,
    "4_6": 185777.35187003246,
    "4_7": 138688.95426634134,
    "4_8": 185428.90017489434,
    "4_9": 188780.6262764537,
    "4_10": 199147.24576658197,
    "4_11": 287704.85914905823,
    "4_12": 236004.84260653643,
    "4_13": 187299.00955630984,
    "4_14": 200797.5145426164,
    "4_15": 173812.29884628093,
    "4_16": 187884.46046467876,
    "4_17": 79190.95873154333,
    "4_18": 110209.63058220923,
    "4_19": 122220.99465798918,
    "4_20": 224914.05583790856,
    "4_21": 30892.257119106038,
    "4_22": 40153.59331730454,
    "4_23": 30937.69942494208,
    "4_24": 64039.491209313914,
    "5_0": 161873.68001929516,
    "5_1": 120529.29677197164,
    "5_2": 19446.950381900057,
    "5_3": 202921.2019277264,
    "5_4": 191433.26058074436,
    "5_5": 0.0,
    "5_6": 8774.016060550315,
    "5_7": 156525.1712392942,
    "5_8": 96630.63537563493,
    "5_9": 31914.168164963932,
    "5_10": 70875.23898783197,
    "5_11": 105034.6115968944,
    "5_12": 49631.717184317786,
    "5_13": 87369.30352587393,
    "5_14": 199300.79794486286,
    "5_15": 205215.46919143325,
    "5_16": 9451.655010989007,
    "5_17": 132081.27625102634,
    "5_18": 143518.79639588625,
    "5_19": 108705.44690321454,
    "5_20": 74586.39449040427,
    "5_21": 221382.07164773,
    "5_22": 155774.0422866263,
    "5_23": 206740.96931053876,
    "5_24": 182667.82251952047,
    "6_0": 162319.68425110768,
    "6_1": 112743.44470040852,
    "6_2": 16501.149681640672,
    "6_3": 205686.79111898364,
    "6_4": 185777.35187003246,
    "6_5": 8774.016060550315,
    "6_6": 0.0,
    "6_7": 157452.8712985585,
    "6_8": 101375.90955305815,
    "6_9": 38081.82617276388,
    "6_10": 77289.11499334475,
    "6_11": 113337.23308525152,
    "6_12": 57969.64315762193,
    "6_13": 79517.15289742411,
    "6_14": 202562.9358521683,
    "6_15": 207022.2638590174,
    "6_16": 2894.748516178195,
    "6_17": 124549.83975879561,
    "6_18": 142821.4238431914,
    "6_19": 108323.24545077547,
    "6_20": 82673.77845016426,
    "6_21": 215963.21239670878,
    "6_22": 150909.9783751046,
    "6_23": 202043.91827892323,
    "6_24": 179620.7177310974,
    "7_0": 10162.68659084791,
    "7_1": 157770.17944763985,
    "7_2": 173945.55764477383,
    "7_3": 60936.53351072219,
    "7_4": 138688.95426634134,
    "7_5": 156525.1712392942,
    "7_6": 157452.8712985585,
    "7_7": 0.0,
    "7_8": 81687.45704040714,
    "7_9": 131595.87580577543,
    "7_10": 112065.68100224968,
    "7_11": 210062.83596035442,
    "7_12": 176159.6717619983,
    "7_13": 213702.11704547482,
    "7_14": 65594.9845844688,
    "7_15": 52422.07711581898,
    "7_16": 160343.25401647438,
    "7_17": 155596.45608576701,
    "7_18": 31020.746883756667,
    "7_19": 52273.32161938696,
    "7_20": 137471.28143431077,
    "7_21": 152483.12447331197,
    "7_22": 105522.81711995277,
    "7_23": 127099.71335342021,
    "7_24": 80691.88019095606,
    "8_0": 90752.14215158811,
    "8_1": 159783.1257601656,
    "8_2": 116069.35627694038,
    "8_3": 111182.90830085948,
    "8_4": 185428.90017489434,
    "8_5": 96630.63537563493,
    "8_6": 101375.90955305815,
    "8_7": 81687.45704040714,
    "8_8": 0.0,
    "8_9": 65265.44335383969,
    "8_10": 32735.88363318253,
    "8_11": 128503.24059129941,
    "8_12": 99916.79379953073,
    "8_13": 175870.12877085563,
    "8_14": 105436.09676417413,
    "8_15": 118981.52569511089,
    "8_16": 103883.79776351483,
    "8_17": 164610.24313063428,
    "8_18": 88035.46258680901,
    "8_19": 63458.93951329803,
    "8_20": 56042.207701484236,
    "8_21": 208438.37907180504,
    "8_22": 145485.8385308773,
    "8_23": 185876.854693756,
    "8_24": 145139.94371772077,
    "9_0": 138104.72868140557,
    "9_1": 131352.5991494059,
    "9_2": 51273.60260804822,
    "9_3": 173767.28690024654,
    "9_4": 188780.6262764537,
    "9_5": 31914.168164963932,
    "9_6": 38081.82617276388,
    "9_7": 131595.87580577543,
    "9_8": 65265.44335383969,
    "9_9": 0.0,
    "9_10": 39208.55813650943,
    "9_11": 98961.8878007777,
    "9_12": 49160.380086083955,
    "9_13": 116982.07906672801,
    "9_14": 169368.48247032022,
    "9_15": 177857.13760040578,
    "9_16": 40177.89171109769,
    "9_17": 140872.0632613315,
    "9_18": 123320.22112577457,
    "9_19": 88620.74698654523,
    "9_20": 48219.02577103463,
    "9_21": 217193.85567778768,
    "9_22": 150324.3528855156,
    "9_23": 199590.97882524724,
    "9_24": 169467.1941156059,
    "10_0": 120459.03197017033,
    "10_1": 157688.98409183422,
    "10_2": 89977.02958346704,
    "10_3": 143747.50646255052,
    "10_4": 199147.24576658197,
    "10_5": 70875.23898783197,
    "10_6": 77289.11499334475,
    "10_7": 112065.68100224968,
    "10_8": 32735.88363318253,
    "10_9": 39208.55813650943,
    "10_10": 0.0,