{
    "0_0": 0.0,
    "0_1": 75778.27805850413,
    "0_2": 254322.27467184665,
    "0_3": 245255.70882336455,
    "0_4": 70386.2594716831,
    "0_5": 227871.11039453998,
    "0_6": 211246.80849275758,
    "0_7": 265987.9423509232,
    "0_8": 201656.54377597885,
    "0_9": 232276.06663078285,
    "0_10": 165391.45753553096,
    "0_11": 226560.89589096094,
    "0_12": 184201.33537101137,
    "0_13": 220458.2086105458,
    "0_14": 220084.6007499216,
    "0_15": 136384.24709042718,
    "0_16": 192589.45142118295,
    "0_17": 15647.8678068903,
    "0_18": 227004.75088429358,
    "0_19": 279412.9086706339,
    "0_20": 235603.13718081973,
    "0_21": 116979.18483303912,
    "0_22": 147144.0488474567,
    "0_23": 236619.3888643249,
    "0_24": 213517.48620588132,
    "1_0": 75778.27805850413,
    "1_1": 0.0,
    "1_2": 187953.61420991126,
    "1_3": 180280.41156835225,
    "1_4": 6951.857513445409,
    "1_5": 156513.21757386252,
    "1_6": 138128.2018773738,
    "1_7": 194020.3227900593,
    "1_8": 151198.13479297614,
    "1_9": 169750.0646221026,
    "1_10": 100007.72060030958,
    "1_11": 155588.008234234,
    "1_12": 115455.5625971657,
    "1_13": 151525.91026419488,
    "1_14": 145561.08300652824,
    "1_15": 82911.36524238173,
    "1_16": 128421.09614213876,
    "1_17": 75368.13536256517,
    "1_18": 171952.74375334516,
    "1_19": 203925.16308037034,
    "1_20": 189273.53906612392,
    "1_21": 42403.66708970516,
    "1_22": 90254.49783568739,
    "1_23": 177101.14682590877,
    "1_24": 144015.47944080117,
    "2_0": 254322.27467184665,
    "2_1": 187953.61420991126,
    "2_2": 0.0,
    "2_3": 11536.986402588775,
    "2_4": 190277.61061157958,
    "2_5": 169038.31239433528,
    "2_6": 65384.71159127816,
    "2_7": 177915.09745500222,
    "2_8": 79715.11716104303,
    "2_9": 218455.91606355595,
    "2_10": 187023.91832565234,
    "2_11": 42171.32909352164,
    "2_12": 175886.36268126222,
    "2_13": 38351.973967319034,
    "2_14": 138260.00941213642,
    "2_15": 120692.06592216734,
    "2_16": 196781.65835871955,
    "2_17": 246422.30797388824,
    "2_18": 244639.1913513924,
    "2_19": 96520.03445138459,
    "2_20": 87761.3885035037,
    "2_21": 164652.42833735782,
    "2_22": 207701.3377991875,
    "2_23": 37459.161791395585,
    "2_24": 177274.21545832948,
    "3_0": 245255.70882336455,
    "3_1": 180280.41156835225,
    "3_2": 11536.986402588775,
    "3_3": 0.0,
    "3_4": 182302.08502203782,
    "3_5": 171155.58010579785,
    "3_6": 64466.31398702766,
    "3_7": 182361.65624638204,
    "3_8": 68212.80148996797,
    "3_9": 219891.71555034933,
    "3_10": 184953.56885115744,
    "3_11": 42250.61878579278,
    "3_12": 175015.9690088374,
    "3_13": 34729.29672121811,
    "3_14": 140174.7596842462,
    "3_15": 110686.03484356598,
    "3_16": 196293.60101165943,
    "3_17": 236980.35671084892,
    "3_18": 245206.45731964012,
    "3_19": 104612.44329894798,
    "3_20": 78029.6504081383,
    "3_21": 158936.49809013584,
    "3_22": 204574.7273002727,
    "3_23": 26969.172590020848,
    "3_24": 178313.85807524552,
    "4_0": 70386.2594716831,
    "4_1": 6951.857513445409,
    "4_2": 190277.61061157958,
    "4_3": 182302.08502203782,
    "4_4": 0.0,
    "4_5": 163279.75828899923,
    "4_6": 142096.61682834942,
    "4_7": 200712.9281903431,
    "4_8": 150668.10708241566,
    "4_9": 176688.5664255542,
    "4_10": 106953.12440760485,
    "4_11": 158928.417992287,
    "4_12": 122376.52359308393,
    "4_13": 154331.84183740092,
    "4_14": 151910.37306538646,
    "4_15": 82110.21208668806,
    "4_16": 135365.1122348046,
    "4_17": 69162.1599736846,
    "4_18": 178704.4040883801,
    "4_19": 209036.82521279532,
    "4_20": 188387.31517555413,
    "4_21": 48979.97890016384,
    "4_22": 96890.88211220743,
    "4_23": 178112.84352877527,
    "4_24": 150893.77030206082,
    "5_0": 227871.11039453998,
    "5_1": 156513.21757386252,
    "5_2": 169038.31239433528,
    "5_3": 171155.58010579785,
    "5_4": 163279.75828899923,
    "5_5": 0.0,
    "5_6": 108905.9826581971,
    "5_7": 38224.78501810078,
    "5_8": 202198.84832215525,
    "5_9": 50436.80666591843,
    "5_10": 66489.61397967736,
    "5_11": 129058.04063089914,
    "5_12": 45122.4983504562,
    "5_13": 139544.76536517468,
    "5_14": 31022.158996850318,
    "5_15": 171223.1761097424,
    "5_16": 49125.0402051749,
    "5_17": 230763.26132476804,
    "5_18": 79784.98058779252,
    "5_19": 103328.07464176943,
    "5_20": 234462.74486409567,
    "5_21": 114522.63835430269,
    "5_22": 92513.26815264007,
    "5_23": 190186.07694510615,
    "5_24": 18116.36382719366,
    "6_0": 211246.80849275758,
    "6_1": 138128.2018773738,
    "6_2": 65384.71159127816,
    "6_3": 64466.31398702766,
    "6_4": 142096.61682834942,
    "6_5": 108905.9826581971,
    "6_6": 0.0,
    "6_7": 126103.11990487241,
    "6_8": 98117.0723944979,
    "6_9": 156334.8149282576,
    "6_10": 121731.25015190941,
    "6_11": 23298.004235919845,
    "6_12": 110687.48902060522,
    "6_13": 30857.222855205666,
    "6_14": 78009.31890433695,
    "6_15": 95421.97420141223,
    "6_16": 131851.10639099468,
    "6_17": 206505.17674163255,
    "6_18": 180915.73229530267,
    "6_19": 76040.5182137684,
    "6_20": 126679.72168101964,
    "6_21": 106761.28691373803,
    "6_22": 143159.63447907637,
    "6_23": 81316.33951451418,
    "6_24": 114491.94141482032,
    "7_0": 265987.9423509232,
    "7_1": 194020.3227900593,
    "7_2": 177915.09745500222,
    "7_3": 182361.65624638204,
    "7_4": 200712.9281903431,
    "7_5": 38224.78501810078,
    "7_6": 126103.11990487241,
    "7_7": 0.0,
    "7_8": 223672.963929395,
    "7_9": 66364.29638161474,
    "7_10": 104159.66741240866,
    "7_11": 142253.63589506832,
    "7_12": 83123.91477301499,
    "7_13": 154716.44286405557,
    "7_14": 54634.57853399431,
    "7_15": 201540.42492394615,
    "7_16": 83381.20005618817,
    "7_17": 268627.84277795866,
    "7_18": 97176.38785815486,
    "7_19": 94583.34590572168,
    "7_20": 252489.08518447104,
    "7_21": 151777.5777427039,
    "7_22": 129367.47226220544,
    "7_23": 204705.18822051896,
    "7_24": 54496.08667174584,
    "8_0": 201656.54377597885,
    "8_1": 151198.13479297614,
    "8_2": 79715.11716104303,
    "8_3": 68212.80148996797,
    "8_4": 150668.10708241566,
    "8_5": 202198.84832215525,
    "8_6": 98117.0723944979,
    "8_7": 223672.963929395,
    "8_8": 0.0,
    "8_9": 244911.0129545422,
    "8_10": 192865.28082003156,
    "8_11": 87974.21140116596,
    "8_12": 190436.35113676015,
    "8_13": 73992.27950336055,
    "8_14": 172610.47488586835,
    "8_15": 68594.72569217352,
    "8_16": 212321.69855966157,
    "8_17": 190503.72260155194,
    "8_18": 264564.919676242,
    "8_19": 163671.0488159949,
    "8_20": 38889.78722419403,
    "8_21": 146305.03561934264,
    "8_22": 204840.0299238734,
    "8_23": 45075.971657139315,
    "8_24": 203551.10369921953,
    "9_0": 232276.06663078285,
    "9_1": 169750.0646221026,
    "9_2": 218455.91606355595,
    "9_3": 219891.71555034933,
    "9_4": 176688.5664255542,
    "9_5": 50436.80666591843,
    "9_6": 156334.8149282576,
    "9_7": 66364.29638161474,
    "9_8": 244911.0129545422,
    "9_9": 0.0,
    "9_10": 69784.83403050427,
    "9_11": 177642.36267018248,
    "9_12": 58743.569767650246,
    "9_13": 187191.9010385282,
    "9_14": 80334.17425946024,
    "9_15": 204563.42469151513,
    "9_16": 41384.25193190814,
    "9_17": 238396.79059868472,
    "9_18": 31144.245379576005,
    "9_19": 152117.36886203784,
    "9_20": 279270.42052118236,
    "9_21": 132147.0027566734,
    "9_22": 85295.73587536463,
    "9_23": 237424.20526802947,
    "9_24": 41954.901581360835,
    "10_0": 165391.45753553096,
    "10_1": 100007.72060030958,
    "10_2": 187023.91832565234,
    "10_3": 184953.56885115744,
    "10_4": 106953.12440760485,
    "10_5": 66489.61397967736,
    "10_6": 121731.25015190941,
    "10_7": 104159.66741240866,
    "10_8": 192865.28082003156,
    "10_9": 69784.83403050427,
    "10_10": 0.0,
    "10_11": 145029.1862867792,