{
    "0_0": 0.0,
    "0_1": 228626.944515666,
    "0_2": 189818.14616606393,
    "0_3": 175396.73171285735,
    "0_4": 229557.82066862212,
    "0_5": 256395.67354793582,
    "0_6": 194307.94776005414,
    "0_7": 220146.37466616376,
    "0_8": 172781.88998608338,
    "0_9": 289584.4654986483,
    "0_10": 94739.75880356252,
    "0_11": 165769.55344316323,
    "0_12": 233584.15128529212,
    "0_13": 226469.0807324125,
    "0_14": 126919.26823318793,
    "0_15": 18615.66673337681,
    "0_16": 202855.4837682484,
    "0_17": 89543.8764626206,
    "0_18": 173737.8565576605,
    "0_19": 283640.2579398745,
    "0_20": 110595.27906477594,
    "0_21": 125358.86446601797,
    "0_22": 170775.67762819992,
    "0_23": 218831.1907662894,
    "0_24": 182580.8594602308,
    "1_0": 228626.944515666,
    "1_1": 0.0,
    "1_2": 55956.17158884008,
    "1_3": 195356.34303685767,
    "1_4": 11036.54240057054,
    "1_5": 165638.96633746783,
    "1_6": 66012.90402746171,
    "1_7": 52581.729216775726,
    "1_8": 114104.46817985392,
    "1_9": 101678.56350760539,
    "1_10": 158815.70489699193,
    "1_11": 107897.16572768752,
    "1_12": 214895.02145574722,
    "1_13": 170217.32488807235,
    "1_14": 115827.3235784973,
    "1_15": 212599.2448235069,
    "1_16": 56319.314991429106,
    "1_17": 142774.20352980023,
    "1_18": 144389.43223797448,
    "1_19": 80747.86832206561,
    "1_20": 194978.6760366226,
    "1_21": 125196.02608543103,
    "1_22": 218854.3442678869,
    "1_23": 36447.95319689011,
    "1_24": 67025.19263477245,
    "2_0": 189818.14616606393,
    "2_1": 55956.17158884008,
    "2_2": 0.0,
    "2_3": 202159.06745453321,
    "2_4": 50038.75216316826,
    "2_5": 199705.94183168322,
    "2_6": 88084.05760391572,
    "2_7": 91524.20480879709,
    "2_8": 58834.10325729872,
    "2_9": 154982.288253511,
    "2_10": 108675.81866054988,
    "2_11": 115507.20614470444,
    "2_12": 235025.08898670782,
    "2_13": 195042.13305348277,
    "2_14": 101684.45265953263,
    "2_15": 176071.3035369946,
    "2_16": 84144.76648778009,
    "2_17": 100361.57324321612,
    "2_18": 155062.4751312741,
    "2_19": 135816.65354320346,
    "2_20": 183230.45683018083,
    "2_21": 113467.68430918455,
    "2_22": 221694.21432174504,
    "2_23": 76842.62174783066,
    "2_24": 80264.22988231145,
    "3_0": 175396.73171285735,
    "3_1": 195356.34303685767,
    "3_2": 202159.06745453321,
    "3_3": 0.0,
    "3_4": 204114.92118890522,
    "3_5": 101456.84590022688,
    "3_6": 129500.1081012461,
    "3_7": 149906.90452875238,
    "3_8": 235175.42175438366,
    "3_9": 185303.24804612595,
    "3_10": 198941.51960758155,
    "3_11": 88637.50246322228,
    "3_12": 58223.73763377387,
    "3_13": 66034.2291293883,
    "3_14": 106937.05788885152,
    "3_15": 158972.6108903174,
    "3_16": 139844.443706129,
    "3_17": 165790.78619303234,
    "3_18": 51120.124921221664,
    "3_19": 195026.65623095245,
    "3_20": 65071.57994730024,
    "3_21": 95520.72258198824,
    "3_22": 26315.79261939015,
    "3_23": 162101.16546503495,
    "3_24": 129305.79801577119,
    "4_0": 229557.82066862212,
    "4_1": 11036.54240057054,
    "4_2": 50038.75216316826,
    "4_3": 204114.92118890522,
    "4_4": 0.0,
    "4_5": 176594.67473978948,
    "4_6": 75296.92218928973,
    "4_7": 63405.178547759606,
    "4_8": 106769.42270715188,
    "4_9": 111314.69218429679,
    "4_10": 156155.5339278308,
    "4_11": 116072.43094379084,
    "4_12": 225090.67619026045,
    "4_13": 180677.95612621077,
    "4_14": 120747.51590628107,
    "4_15": 214019.76382990144,
    "4_16": 66087.59287666298,
    "4_17": 142312.18683668142,
    "4_18": 153336.4003001066,
    "4_19": 89552.47938753074,
    "4_20": 201101.50162253118,
    "4_21": 130680.26765811056,
    "4_22": 227209.05902867534,
    "4_23": 47130.931982088805,
    "4_24": 75063.94078914194,
    "5_0": 256395.67354793582,
    "5_1": 165638.96633746783,
    "5_2": 199705.94183168322,
    "5_3": 101456.84590022688,
    "5_4": 176594.67473978948,
    "5_5": 0.0,
    "5_6": 111794.54539283123,
    "5_7": 113377.82416963448,
    "5_8": 250977.0957208638,
    "5_9": 105680.84308039067,
    "5_10": 246246.32507973,
    "5_11": 102573.37333710607,
    "5_12": 71766.0187452264,
    "5_13": 35426.00934227229,
    "5_14": 144783.79321719488,
    "5_15": 238087.8677646619,
    "5_16": 115949.7656181426,
    "5_17": 213810.94415453725,
    "5_18": 82663.61127695823,
    "5_19": 124737.60145057342,
    "5_20": 156038.3128886096,
    "5_21": 139442.15400282893,
    "5_22": 125028.94019912968,
    "5_23": 129818.97024981801,
    "5_24": 121359.74804802932,
    "6_0": 194307.94776005414,
    "6_1": 66012.90402746171,
    "6_2": 88084.05760391572,
    "6_3": 129500.1081012461,
    "6_4": 75296.92218928973,
    "6_5": 111794.54539283123,
    "6_6": 0.0,
    "6_7": 26919.84374760961,
    "6_8": 140034.13724325222,
    "6_9": 95990.21038483492,
    "6_10": 150442.42671459116,
    "6_11": 43884.20789726046,
    "6_12": 151008.3442638291,
    "6_13": 108332.64831221571,
    "6_14": 68010.77115164415,
    "6_15": 176301.89597534275,
    "6_16": 11052.194649027575,
    "6_17": 123045.42159706529,
    "6_18": 78440.86316266835,
    "6_19": 89724.85623103428,
    "6_20": 136292.07702935045,
    "6_21": 72951.36855042448,
    "6_22": 153447.24750720587,
    "6_23": 33570.168576802185,
    "6_24": 12968.514678279606,
    "7_0": 220146.37466616376,
    "7_1": 52581.729216775726,
    "7_2": 91524.20480879709,
    "7_3": 149906.90452875238,
    "7_4": 63405.178547759606,
    "7_5": 113377.82416963448,
    "7_6": 26919.84374760961,
    "7_7": 0.0,
    "7_8": 148422.97244032245,
    "7_9": 72735.65267585946,
    "7_10": 170305.3801402793,
    "7_11": 68969.23314879813,
    "7_12": 163512.31152754635,
    "7_13": 118165.8804417992,
    "7_14": 94568.11640719694,
    "7_15": 202324.98123802457,
    "7_16": 17292.845483762256,
    "7_17": 145312.42556174108,
    "7_18": 99087.2693273826,
    "7_19": 63494.20521962759,
    "7_20": 162310.57181295045,
    "7_21": 99856.6132067939,
    "7_22": 174922.9808897872,
    "7_23": 16447.059408116624,
    "7_24": 37592.66597218412,
    "8_0": 172781.88998608338,
    "8_1": 114104.46817985392,
    "8_2": 58834.10325729872,
    "8_3": 235175.42175438366,
    "8_4": 106769.42270715188,
    "8_5": 250977.0957208638,
    "8_6": 140034.13724325222,
    "8_7": 148422.97244032245,
    "8_8": 0.0,
    "8_9": 213797.70785982566,
    "8_10": 78758.32181258494,
    "8_11": 156519.368421649,
    "8_12": 276635.0704539574,
    "8_13": 241151.57930919674,
    "8_14": 128275.30712304538,
    "8_15": 163784.6127266957,
    "8_16": 138543.91560536562,
    "8_17": 90192.17420571757,
    "8_18": 194132.91464252427,
    "8_19": 194513.61261759972,
    "8_20": 200893.84015844026,
    "8_21": 139907.65723002094,
    "8_22": 250361.21366213672,
    "8_23": 134712.24765122196,
    "8_24": 129650.85644907513,
    "9_0": 289584.4654986483,
    "9_1": 101678.56350760539,
    "9_2": 154982.288253511,
    "9_3": 185303.24804612595,
    "9_4": 111314.69218429679,
    "9_5": 105680.84308039067,
    "9_6": 95990.21038483492,
    "9_7": 72735.65267585946,
    "9_8": 213797.70785982566,
    "9_9": 0.0,
    "9_10": 242912.328441377,
    "9_11": 127383.63476433471,
    "9_12": 175110.66183185732,
    "9_13": 130329.37573523603,
    "9_14": 162674.74124138587,
    "9_15": 271345.2381581355,
    "9_16": 89115.79221264749,
    "9_17": 217921.4309758734,
    "9_18": 141683.0618583118,
    "9_19": 25060.781088566535,
    "9_20": 217211.99224750686,
    "9_21": 165406.18964592,
    "9_22": 211598.91016837387,
    "9_23": 81454.38360679956,
    "9_24": 108520.59583361133,
    "10_0": 94739.75880356252,
    "10_1": 158815.70489699193,
    "10_2": 108675.81866054988,
    "10_3": 198941.51960758155,
    "10_4": 156155.5339278308,
    "10_5": 246246.32507973,
    "10_6": 150442.42671459116,
    "10_7": 170305.3801402793,
    "10_8": 78758.32181258494,
    "10_9": 242912.328441377,
    "10_10": 0.0,
    "10_11": 143676.40606559577,