{
    "0_0": 0.0,
    "0_1": 116278.8662185738,
    "0_2": 153221.56366989293,
    "0_3": 231019.7187669593,
    "0_4": 88420.6911716528,
    "0_5": 167523.62908028465,
    "0_6": 97435.62013939547,
    "0_7": 188521.1411139684,
    "0_8": 72928.60679671007,
    "0_9": 223919.31029616075,
    "0_10": 131297.35892591038,
    "0_11": 113029.4835416233,
    "0_12": 232511.30005244788,
    "0_13": 230646.03135533497,
    "0_14": 109883.69447811159,
    "0_15": 113691.97098926923,
    "0_16": 61446.446186960944,
    "0_17": 152529.2118973604,
    "0_18": 66880.05210112664,
    "0_19": 134514.75805385842,
    "0_20": 80583.57162324962,
    "0_21": 94824.00668385804,
    "0_22": 77903.22621465688,
    "0_23": 164242.5090204545,
    "0_24": 127423.80188814386,
    "1_0": 116278.8662185738,
    "1_1": 0.0,
    "1_2": 123550.91744801108,
    "1_3": 114830.15050986767,
    "1_4": 129391.1137204845,
    "1_5": 94802.00228647848,
    "1_6": 113606.59231130446,
    "1_7": 124844.30032013675,
    "1_8": 160955.0727165078,
    "1_9": 136964.74074224127,
    "1_10": 98122.62947357309,
    "1_11": 44679.15512578789,
    "1_12": 118532.60761655924,
    "1_13": 115549.1773262455,
    "1_14": 10600.24455496903,
    "1_15": 61774.61903171586,
    "1_16": 101445.26340572286,
    "1_17": 117288.18754651588,
    "1_18": 61980.42915947326,
    "1_19": 111223.69844416245,
    "1_20": 89781.5814643416,
    "1_21": 102235.78191228755,
    "1_22": 52153.139305918354,
    "1_23": 55154.11349239427,
    "1_24": 14411.559070880652,
    "2_0": 153221.56366989293,
    "2_1": 123550.91744801108,
    "2_2": 0.0,
    "2_3": 187709.8782712162,
    "2_4": 220295.01678569944,
    "2_5": 55349.77092422297,
    "2_6": 214532.4857908538,
    "2_7": 248351.3077142698,
    "2_8": 224888.61505144916,
    "2_9": 255090.9843159117,
    "2_10": 216214.005320431,
    "2_11": 79101.81393060979,
    "2_12": 162958.25151218034,
    "2_13": 198534.05440370744,
    "2_14": 130635.09321708734,
    "2_15": 180255.74315352004,
    "2_16": 92824.91124204407,
    "2_17": 237501.61231708815,
    "2_18": 152687.18184766427,
    "2_19": 227725.10860071727,
    "2_20": 72746.6694072739,
    "2_21": 59135.67620400909,
    "2_22": 151281.26545677907,
    "2_23": 167844.81363488422,
    "2_24": 116806.73142563718,
    "3_0": 231019.7187669593,
    "3_1": 114830.15050986767,
    "3_2": 187709.8782712162,
    "3_3": 0.0,
    "3_4": 225740.6172821557,
    "3_5": 133663.7186416278,
    "3_6": 204147.4487219275,
    "3_7": 144481.64866122024,
    "3_8": 268100.92633183906,
    "3_9": 113525.01731198023,
    "3_10": 165624.9146671399,
    "3_11": 135776.33148312004,
    "3_12": 39166.3170011949,
    "3_13": 16869.681574016926,
    "3_14": 121368.99331950652,
    "3_15": 143530.7153231028,
    "3_16": 209563.04539552776,
    "3_17": 171516.40120462482,
    "3_18": 171413.55139535663,
    "3_19": 178581.67540878482,
    "3_20": 192134.21924597406,
    "3_21": 198552.58187629277,
    "3_22": 159915.42856270264,
    "3_23": 74496.26913986904,
    "3_24": 105082.65665979632,
    "4_0": 88420.6911716528,
    "4_1": 129391.1137204845,
    "4_2": 220295.01678569944,
    "4_3": 225740.6172821557,
    "4_4": 0.0,
    "4_5": 214835.28505949487,
    "4_6": 23719.6903688559,
    "4_7": 129166.22092748093,
    "4_8": 53954.693490904116,
    "4_9": 175434.53505118797,
    "4_10": 71616.96811245068,
    "4_11": 154567.97775129086,
    "4_12": 241721.5042424176,
    "4_13": 218967.71700696537,
    "4_14": 118933.44966442928,
    "4_15": 82240.52109832186,
    "4_16": 140122.43089700566,
    "4_17": 84687.18383528989,
    "4_18": 71437.81024614982,
    "4_19": 66042.74114539361,
    "4_20": 151582.0650043091,
    "4_21": 168651.03140530514,
    "4_22": 78251.22845235685,
    "4_23": 151247.33827308967,
    "4_24": 143802.57882628508,
    "5_0": 167523.62908028465,
    "5_1": 94802.00228647848,
    "5_2": 55349.77092422297,
    "5_3": 133663.7186416278,
    "5_4": 214835.28505949487,
    "5_5": 0.0,
    "5_6": 203405.11332781013,
    "5_7": 213516.4977920711,
    "5_8": 232521.31475412237,
    "5_9": 211863.30549951553,
    "5_10": 192923.37562861704,
    "5_11": 60327.50434935967,
    "5_12": 107612.01312995123,
    "5_13": 145550.42268302082,
    "5_14": 104531.67316494355,
    "5_15": 156515.16003012413,
    "5_16": 116483.71886303106,
    "5_17": 211789.4464970672,
    "5_18": 143414.55877250852,
    "5_19": 205957.94222210665,
    "5_20": 93599.00529435083,
    "5_21": 89170.750096819,
    "5_22": 137873.9021089033,
    "5_23": 125694.2368769039,
    "5_24": 83222.53356900426,
    "6_0": 97435.62013939547,
    "6_1": 113606.59231130446,
    "6_2": 214532.4857908538,
    "6_3": 204147.4487219275,
    "6_4": 23719.6903688559,
    "6_5": 203405.11332781013,
    "6_6": 0.0,
    "6_7": 106247.70537851744,
    "6_8": 76756.10102891835,
    "6_9": 151888.93137120613,
    "6_10": 48002.79230209544,
    "6_11": 143883.12279256448,
    "6_12": 221949.97263094806,
    "6_13": 196720.13589142106,
    "6_14": 103007.08134042835,
    "6_15": 60883.558151288584,
    "6_16": 141391.173853335,
    "6_17": 62586.538549787336,
    "6_18": 61951.35575385157,
    "6_19": 43572.43309105343,
    "6_20": 149476.29107770228,
    "6_21": 166801.96152121908,
    "6_22": 65594.7040121833,
    "6_23": 129816.18582963657,
    "6_24": 127874.5227150344,
    "7_0": 188521.1411139684,
    "7_1": 124844.30032013675,
    "7_2": 248351.3077142698,
    "7_3": 144481.64866122024,
    "7_4": 129166.22092748093,
    "7_5": 213516.4977920711,
    "7_6": 106247.70537851744,
    "7_7": 0.0,
    "7_8": 182935.9500094617,
    "7_9": 49835.05236323327,
    "7_10": 59533.19935775129,
    "7_11": 169492.24876199878,
    "7_12": 176959.3129529419,
    "7_13": 130494.73883333812,
    "7_14": 118615.96036467525,
    "7_15": 78340.03165739749,
    "7_16": 209007.10595579824,
    "7_17": 45279.46302289806,
    "7_18": 125455.74314027785,
    "7_19": 63171.49145200369,
    "7_20": 205784.20375226781,
    "7_21": 221204.8689579028,
    "7_22": 117515.15907894418,
    "7_23": 91156.62758689234,
    "7_24": 132379.1807604979,
    "8_0": 72928.60679671007,
    "8_1": 160955.0727165078,
    "8_2": 224888.61505144916,
    "8_3": 268100.92633183906,
    "8_4": 53954.693490904116,
    "8_5": 232521.31475412237,
    "8_6": 76756.10102891835,
    "8_7": 182935.9500094617,
    "8_8": 0.0,
    "8_9": 228377.2893657949,
    "8_10": 124555.05683283882,
    "8_11": 173663.89356529116,
    "8_12": 278776.8940720839,
    "8_13": 263417.47512723785,
    "8_14": 151538.59850350584,
    "8_15": 127920.73276085245,
    "8_16": 134261.451139507,
    "8_17": 138636.8069070703,
    "8_18": 99053.5153824528,
    "8_19": 119920.59261540664,
    "8_20": 152200.9955073633,
    "8_21": 167296.163688773,
    "8_22": 109681.49634018842,
    "8_23": 194454.75330891227,
    "8_24": 174772.5490137053,
    "9_0": 223919.31029616075,
    "9_1": 136964.74074224127,
    "9_2": 255090.9843159117,
    "9_3": 113525.01731198023,
    "9_4": 175434.53505118797,
    "9_5": 211863.30549951553,
    "9_6": 151888.93137120613,
    "9_7": 49835.05236323327,
    "9_8": 228377.2893657949,
    "9_9": 0.0,
    "9_10": 103894.05102563773,
    "9_11": 179836.19494118565,
    "9_12": 150824.2974375426,
    "9_13": 97287.32548844512,
    "9_14": 134307.37611855374,
    "9_15": 110245.02760763121,
    "9_16": 233304.6372116315,
    "9_17": 94085.26175139978,
    "9_18": 157547.18525767623,
    "9_19": 110570.4876780533,
    "9_20": 225524.9959299381,
    "9_21": 238981.77293589446,
    "9_22": 147494.05750503062,
    "9_23": 87289.6798323492,
    "9_24": 139564.70498875953,
    "10_0": 131297.35892591038,
    "10_1": 98122.62947357309,
    "10_2": 216214.005320431,
    "10_3": 165624.9146671399,
    "10_4": 71616.96811245068,
    "10_5": 192923.37562861704,
    "10_6": 48002.79230209544,
    "10_7": 59533.19935775129,
    "10_8": 124555.05683283882,
    "10_9": 103894.05102563773,
    "10_10": 0.0,
    "10_11": 138542.48891724498,