{
    "0_0": 0.0,
    "0_1": 201065.2232851902,
    "0_2": 117438.36831199455,
    "0_3": 147487.22601329722,
    "0_4": 178250.62115962303,
    "0_5": 213439.49424401837,
    "0_6": 255792.33060409795,
    "0_7": 220043.65588363842,
    "0_8": 146954.9465282665,
    "0_9": 56500.76416893613,
    "0_10": 218274.42887625305,
    "0_11": 236272.70062523652,
    "0_12": 163409.3455020392,
    "0_13": 25506.845382333973,
    "0_14": 262649.1039942494,
    "0_15": 235665.18462495794,
    "0_16": 235010.42446069387,
    "0_17": 288515.07882845425,
    "0_18": 212321.20652305987,
    "0_19": 171029.86841642,
    "0_20": 217819.92871022815,
    "0_21": 228455.04840484433,
    "0_22": 210792.50064895677,
    "0_23": 149091.35913190583,
    "0_24": 204725.37074381305,
    "1_0": 201065.2232851902,
    "1_1": 0.0,
    "1_2": 123783.73397289394,
    "1_3": 63015.777197317686,
    "1_4": 59569.36251703857,
    "1_5": 87523.79893888286,
    "1_6": 105716.0777887048,
    "1_7": 137717.98701508224,
    "1_8": 138728.40171027044,
    "1_9": 148795.34693545042,
    "1_10": 181056.80568485943,
    "1_11": 40357.99089168249,
    "1_12": 37793.13126748987,
    "1_13": 203769.35195051003,
    "1_14": 105240.62360241862,
    "1_15": 53164.65807811453,
    "1_16": 120317.82880665186,
    "1_17": 165496.06648292046,
    "1_18": 29447.28917537925,
    "1_19": 172470.84971203457,
    "1_20": 24945.428313330995,
    "1_21": 121166.25184577702,
    "1_22": 12010.788047141075,
    "1_23": 244419.3137206741,
    "1_24": 130012.1280599205,
    "2_0": 117438.36831199455,
    "2_1": 123783.73397289394,
    "2_2": 0.0,
    "2_3": 106342.09006794365,
    "2_4": 75567.90244818658,
    "2_5": 100204.82110002446,
    "2_6": 142678.69916898315,
    "2_7": 103019.55964459642,
    "2_8": 36100.9160878013,
    "2_9": 64788.35146774106,
    "2_10": 110705.38088092378,
    "2_11": 164140.11785622378,
    "2_12": 92200.82852718387,
    "2_13": 134351.92935270074,
    "2_14": 150676.1712657461,
    "2_15": 174125.17324213675,
    "2_16": 118075.05403344518,
    "2_17": 171088.78035195588,
    "2_18": 147887.79767304988,
    "2_19": 72693.21342953268,
    "2_20": 147727.98757257735,
    "2_21": 111262.01727063708,
    "2_22": 128491.25129744167,
    "2_23": 121580.56467193631,
    "2_24": 87617.51962101668,
    "3_0": 147487.22601329722,
    "3_1": 63015.777197317686,
    "3_2": 106342.09006794365,
    "3_3": 0.0,
    "3_4": 83672.12943431833,
    "3_5": 125935.4479800601,
    "3_6": 157077.5619888504,
    "3_7": 165825.32534406576,
    "3_8": 135226.46970644713,
    "3_9": 102581.73148574813,
    "3_10": 197940.22910261937,
    "3_11": 90817.63791747698,
    "3_12": 36322.760291886145,
    "3_13": 145882.05615374102,
    "3_14": 159258.97406429928,
    "3_15": 88188.26176817811,
    "3_16": 159196.21786136797,
    "3_17": 211625.1924996933,
    "3_18": 65730.14518422935,
    "3_19": 173583.49660490433,
    "3_20": 72785.99631629713,
    "3_21": 157085.47341999633,
    "3_22": 74865.5756038204,
    "3_23": 224286.88890788791,
    "3_24": 153564.32576532738,
    "4_0": 178250.62115962303,
    "4_1": 59569.36251703857,
    "4_2": 75567.90244818658,
    "4_3": 83672.12943431833,
    "4_4": 0.0,
    "4_5": 43324.18713946618,
    "4_6": 81006.64791012644,
    "4_7": 83781.37371594377,
    "4_8": 81565.27074667465,
    "4_9": 121817.20856950208,
    "4_10": 122846.78040971718,
    "4_11": 97188.09219021886,
    "4_12": 48913.754370731025,
    "4_13": 188184.90117621815,
    "4_14": 86234.80657753044,
    "4_15": 112649.39069826927,
    "4_16": 75756.97274328845,
    "4_17": 129461.4964721389,
    "4_18": 88586.55038235479,
    "4_19": 113325.07678272914,
    "4_20": 84298.53471250809,
    "4_21": 73413.71866880682,
    "4_22": 59465.40446958471,
    "4_23": 190419.48138338482,
    "4_24": 73405.76416571697,
    "5_0": 213439.49424401837,
    "5_1": 87523.79893888286,
    "5_2": 100204.82110002446,
    "5_3": 125935.4479800601,
    "5_4": 43324.18713946618,
    "5_5": 0.0,
    "5_6": 42605.76652104539,
    "5_7": 52107.01124252795,
    "5_8": 89509.94214484627,
    "5_9": 157244.61160867158,
    "5_10": 100214.44279772785,
    "5_11": 115975.16465091982,
    "5_12": 90043.70783091792,
    "5_13": 226023.0353772473,
    "5_14": 50495.57646785895,
    "5_15": 135898.499568041,
    "5_16": 33773.92930104741,
    "5_17": 86164.88199557288,
    "5_18": 116265.06048717957,
    "5_19": 108689.26086802525,
    "5_20": 108803.07097906008,
    "5_21": 33665.45145588645,
    "5_22": 81647.12693393296,
    "5_23": 197386.71173993326,
    "5_24": 48897.85758953292,
    "6_0": 255792.33060409795,
    "6_1": 105716.0777887048,
    "6_2": 142678.69916898315,
    "6_3": 157077.5619888504,
    "6_4": 81006.64791012644,
    "6_5": 42605.76652104539,
    "6_6": 0.0,
    "6_7": 70922.10751108607,
    "6_8": 129079.46652592666,
    "6_9": 199466.3598839835,
    "6_10": 120142.7075630598,
    "6_11": 121332.31748908805,
    "6_12": 120894.35688679041,
    "6_13": 267759.89508375776,
    "6_14": 9982.177772363126,
    "6_15": 143531.51377129095,
    "6_16": 39256.41595477133,
    "6_17": 61150.48780846986,
    "6_18": 130285.05680092474,
    "6_19": 141700.28112337136,
    "6_20": 120609.26756043643,
    "6_21": 46624.018279313656,
    "6_22": 96008.37441522491,
    "6_23": 233390.82727541635,
    "6_24": 76664.25814780606,
    "7_0": 220043.65588363842,
    "7_1": 137717.98701508224,
    "7_2": 103019.55964459642,
    "7_3": 165825.32534406576,
    "7_4": 83781.37371594377,
    "7_5": 52107.01124252795,
    "7_6": 70922.10751108607,
    "7_7": 0.0,
    "7_8": 75308.17499844448,
    "7_9": 167555.4534823654,
    "7_10": 50096.179546726,
    "7_11": 168022.38028666482,
    "7_12": 132494.13767591014,
    "7_13": 237346.5407801549,
    "7_14": 80868.65348995729,
    "7_15": 187635.67803349896,
    "7_16": 31701.266006403537,
    "7_17": 70610.10286837438,
    "7_18": 166973.01134983238,
    "7_19": 74595.08463572562,
    "7_20": 160139.75212072136,
    "7_21": 24465.216046933743,
    "7_22": 132993.9915326086,
    "7_23": 167108.34184830636,
    "7_24": 15421.255819736041,
    "8_0": 146954.9465282665,
    "8_1": 138728.40171027044,
    "8_2": 36100.9160878013,
    "8_3": 135226.46970644713,
    "8_4": 81565.27074667465,
    "8_5": 89509.94214484627,
    "8_6": 129079.46652592666,
    "8_7": 75308.17499844448,
    "8_8": 0.0,
    "8_9": 98433.11098043063,
    "8_10": 74907.29287997645,
    "8_11": 178018.64375076815,
    "8_12": 113796.4145265118,
    "8_13": 166278.97251289774,
    "8_14": 138272.37690515872,
    "8_15": 191521.31704467998,
    "8_16": 97357.03884228387,
    "8_17": 145785.66777931812,
    "8_18": 165992.41204316533,
    "8_19": 38515.923429563176,
    "8_20": 163635.96591336347,
    "8_21": 89596.15277939328,
    "8_22": 140520.32854106207,
    "8_23": 109933.08299895408,
    "8_24": 60801.281639229295,
    "9_0": 56500.76416893613,
    "9_1": 148795.34693545042,
    "9_2": 64788.35146774106,
    "9_3": 102581.73148574813,
    "9_4": 121817.20856950208,
    "9_5": 157244.61160867158,
    "9_6": 199466.3598839835,
    "9_7": 167555.4534823654,
    "9_8": 98433.11098043063,
    "9_9": 0.0,
    "9_10": 172925.01905807416,
    "9_11": 186190.3436430891,
    "9_12": 111058.79005864494,
    "9_13": 69997.4975979774,
    "9_14": 206210.222695102,
    "9_15": 188654.07747869202,
    "9_16": 180066.46296645608,
    "9_17": 234362.16376524404,
    "9_18": 163753.48023762094,
    "9_19": 129250.47010136701,
    "9_20": 167830.62006685298,
    "9_21": 173850.31879389222,
    "9_22": 157653.5484370119,
    "9_23": 138421.82294405854,
    "9_24": 152134.25270649325,
    "10_0": 218274.42887625305,
    "10_1": 181056.80568485943,
    "10_2": 110705.38088092378,
    "10_3": 197940.22910261937,
    "10_4": 122846.78040971718,
    "10_5": 100214.44279772785,
    "10_6": 120142.7075630598,
    "10_7": 50096.179546726,
    "10_8": 74907.29287997645,
    "10_9": 172925.01905807416,
    "10_10": 0.0,