{
    "0_0": 0.0,
    "0_1": 50777.590165410926,
    "0_2": 39538.063247036735,
    "0_3": 215379.5135751386,
    "0_4": 79721.24090671829,
    "0_5": 31673.542062322245,
    "0_6": 107838.5403690405,
    "0_7": 195610.12127523933,
    "0_8": 169207.8208582615,
    "0_9": 51700.411819910296,
    "0_10": 254771.92158600138,
    "0_11": 90097.0781360655,
    "0_12": 4276.260795761761,
    "0_13": 202229.1252427543,
    "0_14": 165853.9221007883,
    "0_15": 137549.78084090495,
    "0_16": 167877.1657643957,
    "0_17": 131181.30553052417,
    "0_18": 226904.8968019692,
    "0_19": 221715.33080745343,
    "0_20": 119640.33768069028,
    "0_21": 145946.93924560686,
    "0_22": 219102.3316953902,
    "0_23": 134306.92172865212,
    "0_24": 67257.62723268537,
    "1_0": 50777.590165410926,
    "1_1": 0.0,
    "1_2": 47809.24655259862,
    "1_3": 187026.15469208115,
    "1_4": 30081.489995538413,
    "1_5": 71790.3179754204,
    "1_6": 85973.29436857109,
    "1_7": 181827.56963720534,
    "1_8": 174569.02834289373,
    "1_9": 91020.21771176795,
    "1_10": 217243.99927711012,
    "1_11": 40309.804346952,
    "1_12": 51745.55544129934,
    "1_13": 186477.9056016654,
    "1_14": 119205.00374515778,
    "1_15": 96758.348689327,
    "1_16": 133429.04465932248,
    "1_17": 90458.33466135261,
    "1_18": 206732.74005079857,
    "1_19": 181000.35004164377,
    "1_20": 71404.21338077688,
    "1_21": 125131.8912549406,
    "1_22": 192783.7086874471,
    "1_23": 84222.83578023723,
    "1_24": 21329.258254908807,
    "2_0": 39538.063247036735,
    "2_1": 47809.24655259862,
    "2_2": 0.0,
    "2_3": 176936.3239079093,
    "2_4": 65654.91273872142,
    "2_5": 71203.57082438999,
    "2_6": 69429.9887289206,
    "2_7": 156222.83535106946,
    "2_8": 134445.1684668746,
    "2_9": 48670.33148761983,
    "2_10": 219283.5706573923,
    "2_11": 85110.48669665343,
    "2_12": 43649.57898240281,
    "2_13": 162736.47546160844,
    "2_14": 165049.94843926714,
    "2_15": 106486.41862607528,
    "2_16": 132031.10713142616,
    "2_17": 100384.30264919982,
    "2_18": 187393.41910133645,
    "2_19": 188472.72021967085,
    "2_20": 116832.64878729949,
    "2_21": 106721.24524751595,
    "2_22": 180232.9719803447,
    "2_23": 126341.0539506506,
    "2_24": 69137.58167551513,
    "3_0": 215379.5135751386,
    "3_1": 187026.15469208115,
    "3_2": 176936.3239079093,
    "3_3": 0.0,
    "3_4": 166046.25552057102,
    "3_5": 246590.80478766654,
    "3_6": 107593.56151104756,
    "3_7": 62798.27511034993,
    "3_8": 130542.84923281126,
    "3_9": 208122.1898206459,
    "3_10": 62530.637934060454,
    "3_11": 183872.5263341268,
    "3_12": 219128.9962631904,
    "3_13": 54955.251756362784,
    "3_14": 221756.53697296692,
    "3_15": 99160.82330747921,
    "3_16": 57384.82400568178,
    "3_17": 103831.52547885348,
    "3_18": 41386.601157202895,
    "3_19": 67435.90884586793,
    "3_20": 195545.93016114944,
    "3_21": 71924.73574376527,
    "3_22": 10770.703912423287,
    "3_23": 183141.70033737773,
    "3_24": 194955.04289961557,
    "4_0": 79721.24090671829,
    "4_1": 30081.489995538413,
    "4_2": 65654.91273872142,
    "4_3": 166046.25552057102,
    "4_4": 0.0,
    "4_5": 101847.90606382594,
    "4_6": 75114.51071639186,
    "4_7": 169753.1972306659,
    "4_8": 174290.70819732387,
    "4_9": 113518.68657924078,
    "4_10": 190867.20793787148,
    "4_11": 24320.97319837195,
    "4_12": 81153.60789718047,
    "4_13": 173062.33104621636,
    "4_14": 101388.03971563782,
    "4_15": 70595.81107250508,
    "4_16": 110123.57379088321,
    "4_17": 64621.00999795361,
    "4_18": 190151.0227390802,
    "4_19": 153372.89681497024,
    "4_20": 53818.282033616306,
    "4_21": 111208.59471073937,
    "4_22": 172877.77722226665,
    "4_23": 60803.89554665618,
    "4_24": 29103.19107766074,
    "5_0": 31673.542062322245,
    "5_1": 71790.3179754204,
    "5_2": 71203.57082438999,
    "5_3": 246590.80478766654,
    "5_4": 101847.90606382594,
    "5_5": 0.0,
    "5_6": 139194.79564956902,
    "5_7": 227123.97227388795,
    "5_8": 197992.92211118582,
    "5_9": 71297.63886819038,
    "5_10": 284313.19487740635,
    "5_11": 105991.10072465136,
    "5_12": 27652.073040336854,
    "5_13": 233829.27382423065,
    "5_14": 174040.0472416079,
    "5_15": 165491.5982588784,
    "5_16": 197903.97749324885,
    "5_17": 159093.8347084259,
    "5_18": 258578.3054917105,
    "5_19": 250085.35569842125,
    "5_20": 131616.95282773336,
    "5_21": 177542.8792413383,
    "5_22": 250517.88888108433,
    "5_23": 148987.94324853434,
    "5_24": 81841.5822042612,
    "6_0": 107838.5403690405,
    "6_1": 85973.29436857109,
    "6_2": 69429.9887289206,
    "6_3": 107593.56151104756,
    "6_4": 75114.51071639186,
    "6_5": 139194.79564956902,
    "6_6": 0.0,
    "6_7": 96047.04071006915,
    "6_8": 103683.52389654062,
    "6_9": 105772.65056776868,
    "6_10": 151767.40976620055,
    "6_11": 98738.44056697274,
    "6_12": 111640.82147278699,
    "6_13": 100505.30836565538,
    "6_14": 165841.28667260983,
    "6_15": 54861.635829822975,
    "6_16": 65323.23046376001,
    "6_17": 51202.36806311131,
    "6_18": 121598.5786952108,
    "6_19": 124724.6664726047,
    "6_20": 123331.80053919807,
    "6_21": 39532.53572196416,
    "6_22": 111327.28959223985,
    "6_23": 121439.62435022423,
    "6_24": 99898.91714806242,
    "7_0": 195610.12127523933,
    "7_1": 181827.56963720534,
    "7_2": 156222.83535106946,
    "7_3": 62798.27511034993,
    "7_4": 169753.1972306659,
    "7_5": 227123.97227388795,
    "7_6": 96047.04071006915,
    "7_7": 0.0,
    "7_8": 70228.0294325013,
    "7_9": 174134.42458810986,
    "7_10": 125136.43913397632,
    "7_11": 192206.7030355778,
    "7_12": 199790.0718703959,
    "7_13": 9612.90955876052,
    "7_14": 248510.93948517114,
    "7_15": 119812.34603580547,
    "7_16": 87313.01973442716,
    "7_17": 121526.15789107616,
    "7_18": 39106.892856977254,
    "7_19": 125800.4497775491,
    "7_20": 212458.53186840692,
    "7_21": 58703.465154779056,
    "7_22": 55762.27626064538,
    "7_23": 205423.6887562517,
    "7_24": 195779.91890853256,
    "8_0": 169207.8208582615,
    "8_1": 174569.02834289373,
    "8_2": 134445.1684668746,
    "8_3": 130542.84923281126,
    "8_4": 174290.70819732387,
    "8_5": 197992.92211118582,
    "8_6": 103683.52389654062,
    "8_7": 70228.0294325013,
    "8_8": 0.0,
    "8_9": 132170.45105788458,
    "8_10": 192886.9648454981,
    "8_11": 198610.4362331008,
    "8_12": 173440.48679801886,
    "8_13": 79699.44796266533,
    "8_14": 269452.323508792,
    "8_15": 150970.90612376144,
    "8_16": 134459.4801734709,
    "8_17": 149662.2191390861,
    "8_18": 108121.39295812369,
    "8_19": 186350.4032968696,
    "8_20": 225809.96224995484,
    "8_21": 87750.14492095985,
    "8_22": 125022.16540982432,
    "8_23": 225076.94268250902,
    "8_24": 193495.53323764078,
    "9_0": 51700.411819910296,
    "9_1": 91020.21771176795,
    "9_2": 48670.33148761983,
    "9_3": 208122.1898206459,
    "9_4": 113518.68657924078,
    "9_5": 71297.63886819038,
    "9_6": 105772.65056776868,
    "9_7": 174134.42458810986,
    "9_8": 132170.45105788458,
    "9_9": 0.0,
    "9_10": 257251.3985618381,
    "9_11": 130852.90794713784,
    "9_12": 54755.65552091157,
    "9_13": 182284.1503018279,
    "9_14": 210225.18270416505,
    "9_15": 151602.85811626862,
    "9_16": 171085.36393550603,
    "9_17": 145839.53892710336,
    "9_18": 210103.32086819524,
    "9_19": 230040.2370854444,
    "9_20": 162333.54336152144,
    "9_21": 136235.09363262678,
    "9_22": 209335.28341099102,
    "9_23": 173618.79130001087,
    "9_24": 111413.305296155,
    "10_0": 254771.92158600138,
    "10_1": 217243.99927711012,
    "10_2": 219283.5706573923,
    "10_3": 62530.637934060454,
    "10_4": 190867.20793787148,
    "10_5": 284313.19487740635,
    "10_6": 151767.40976620055,
    "10_7": 125136.43913397632,
    "10_8": 192886.9648454981,
    "10_9": 257251.3985618381,
    "10_10": 0.0,
    "10_11": 202638.8632735136,