{
    "0_0": 0.0,
    "0_1": 175133.55488071442,
    "0_2": 199089.50434266432,
    "0_3": 127596.91512559672,
    "0_4": 18455.82990517965,
    "0_5": 171930.98956668857,
    "0_6": 83342.04487867506,
    "0_7": 93238.32359747001,
    "0_8": 103815.34326340262,
    "0_9": 163240.37060315436,
    "0_10": 29782.999133873338,
    "0_11": 191843.5173291394,
    "0_12": 148437.74823126898,
    "0_13": 121560.32290928838,
    "0_14": 59375.98208803089,
    "0_15": 87924.1860516037,
    "0_16": 184301.68000081967,
    "0_17": 141919.14924161494,
    "0_18": 20902.53320115962,
    "0_19": 34531.72165662285,
    "0_20": 34735.53042554063,
    "0_21": 109491.6104882527,
    "0_22": 84576.49003145439,
    "0_23": 58695.96679605639,
    "0_24": 225784.21358941623,
    "1_0": 175133.55488071442,
    "1_1": 0.0,
    "1_2": 39597.74537031919,
    "1_3": 92098.64483907082,
    "1_4": 171356.44625233172,
    "1_5": 39210.89748571401,
    "1_6": 177126.58483570255,
    "1_7": 267163.4130084242,
    "1_8": 226818.44343993865,
    "1_9": 205318.00259261296,
    "1_10": 202980.68480415907,
    "1_11": 176310.9353834421,
    "1_12": 136285.94272475675,
    "1_13": 60423.54585664956,
    "1_14": 118185.11727649772,
    "1_15": 180195.36005326977,
    "1_16": 40839.10764536679,
    "1_17": 208370.11341186563,
    "1_18": 195665.87672093822,
    "1_19": 150298.7254368859,
    "1_20": 196234.8334350147,
    "1_21": 110946.3214680116,
    "1_22": 97375.81396019628,
    "1_23": 128531.08664647923,
    "1_24": 74647.96600195162,
    "2_0": 199089.50434266432,
    "2_1": 39597.74537031919,
    "2_2": 0.0,
    "2_3": 91963.65657744795,
    "2_4": 198304.09009439257,
    "2_5": 29109.44388726203,
    "2_6": 184747.59926017548,
    "2_7": 288034.3024077298,
    "2_8": 234371.61155096596,
    "2_9": 196843.85999188537,
    "2_10": 228232.7949009418,
    "2_11": 157664.19434361267,
    "2_12": 175853.92116600237,
    "2_13": 95542.61058673271,
    "2_14": 146343.77576637472,
    "2_15": 215638.46809776447,
    "2_16": 17927.48581534364,
    "2_17": 205157.24289530408,
    "2_18": 219983.35033562538,
    "2_19": 178665.10710924093,
    "2_20": 215223.60680110403,
    "2_21": 148654.6269553389,
    "2_22": 115675.59206442558,
    "2_23": 159363.62654424433,
    "2_24": 35105.2549324928,
    "3_0": 127596.91512559672,
    "3_1": 92098.64483907082,
    "3_2": 91963.65657744795,
    "3_3": 0.0,
    "3_4": 133810.03685668917,
    "3_5": 63517.28250218328,
    "3_6": 93468.38345107365,
    "3_7": 206520.141472535,
    "3_8": 142699.68086184532,
    "3_9": 113906.11560858811,
    "3_10": 157135.22730941031,
    "3_11": 96514.70958584403,
    "3_12": 177352.89477453826,
    "3_13": 88630.2908050054,
    "3_14": 94391.98298342578,
    "3_15": 177477.01721555353,
    "3_16": 74072.09378510511,
    "3_17": 116429.01435622794,
    "3_18": 147499.75206136316,
    "3_19": 120566.30331393568,
    "3_20": 133649.4255646657,
    "3_21": 133899.6110113734,
    "3_22": 49631.23343627413,
    "3_23": 112398.20845464143,
    "3_24": 107417.76903570663,
    "4_0": 18455.82990517965,
    "4_1": 171356.44625233172,
    "4_2": 198304.09009439257,
    "4_3": 133810.03685668917,
    "4_4": 0.0,
    "4_5": 172325.0417438771,
    "4_6": 100121.32976563953,
    "4_7": 102732.0556324903,
    "4_8": 122267.87369277528,
    "4_9": 179437.36251525063,
    "4_10": 32881.93027118663,
    "4_11": 204748.89250480797,
    "4_12": 132137.4551032994,
    "4_13": 114745.85117265569,
    "4_14": 53201.26852784923,
    "4_15": 69516.40671773527,
    "4_16": 184560.84139341005,
    "4_17": 159033.27754025714,
    "4_18": 28683.544899614808,
    "4_19": 22194.232166668386,
    "4_20": 52582.51171357951,
    "4_21": 95520.42894947623,
    "4_22": 87234.97704901505,
    "4_23": 47216.31668278147,
    "4_24": 226879.90571687135,
    "5_0": 171930.98956668857,
    "5_1": 39210.89748571401,
    "5_2": 29109.44388726203,
    "5_3": 63517.28250218328,
    "5_4": 172325.0417438771,
    "5_5": 0.0,
    "5_6": 155779.5117977324,
    "5_7": 259732.98318108107,
    "5_8": 205481.6777251934,
    "5_9": 172009.73578227113,
    "5_10": 201365.18323139305,
    "5_11": 138330.5053807119,
    "5_12": 165989.84642685606,
    "5_13": 78279.76867542931,
    "5_14": 121615.03709790447,
    "5_15": 195586.40858291293,
    "5_16": 12388.429908020908,
    "5_17": 178400.83623895526,
    "5_18": 192827.06253240127,
    "5_19": 153572.05811798607,
    "5_20": 186732.78266131625,
    "5_21": 132885.86592826716,
    "5_22": 87755.60068233783,
    "5_23": 136030.61023770933,
    "5_24": 54780.47292404496,
    "6_0": 83342.04487867506,
    "6_1": 177126.58483570255,
    "6_2": 184747.59926017548,
    "6_3": 93468.38345107365,
    "6_4": 100121.32976563953,
    "6_5": 155779.5117977324,
    "6_6": 0.0,
    "6_7": 126056.1550908352,
    "6_8": 49885.56448865826,
    "6_9": 80135.81164778631,
    "6_10": 103272.32906702148,
    "6_11": 117412.39914060626,
    "6_12": 209136.37916535922,
    "6_13": 145745.97671248647,
    "6_14": 103228.99196205813,
    "6_15": 167693.40671484475,
    "6_16": 167023.95398366722,
    "6_17": 59018.28863310693,
    "6_18": 93740.59970240439,
    "6_19": 103940.22566118775,
    "6_20": 63912.872379068125,
    "6_21": 163534.23117523588,
    "6_22": 84897.87359412719,
    "6_23": 116372.01808588808,
    "6_24": 200349.43597131275,
    "7_0": 93238.32359747001,
    "7_1": 267163.4130084242,
    "7_2": 288034.3024077298,
    "7_3": 206520.141472535,
    "7_4": 102732.0556324903,
    "7_5": 259732.98318108107,
    "7_6": 126056.1550908352,
    "7_7": 0.0,
    "7_8": 102795.95335442429,
    "7_9": 193493.239982933,
    "7_10": 70488.12815464882,
    "7_11": 241928.5931273283,
    "7_12": 229509.27208190176,
    "7_13": 214797.12500941334,
    "7_14": 152592.3176311553,
    "7_15": 150687.2749312534,
    "7_16": 272070.11468934605,
    "7_17": 165858.79382610365,
    "7_18": 74419.72146900164,
    "7_19": 124677.09717284213,
    "7_20": 73242.12368497138,
    "7_21": 197465.15898511367,
    "7_22": 172417.8433481844,
    "7_23": 149807.9952671853,
    "7_24": 311599.161105977,
    "8_0": 103815.34326340262,
    "8_1": 226818.44343993865,
    "8_2": 234371.61155096596,
    "8_3": 142699.68086184532,
    "8_4": 122267.87369277528,
    "8_5": 205481.6777251934,
    "8_6": 49885.56448865826,
    "8_7": 102795.95335442429,
    "8_8": 0.0,
    "8_9": 92062.75230600033,
    "8_10": 111186.14496187729,
    "8_11": 146001.49316702082,
    "8_12": 246429.09857877588,
    "8_13": 192334.825071367,
    "8_14": 142656.98650021263,
    "8_15": 191568.85375707314,
    "8_16": 216581.24378862797,
    "8_17": 64091.73449896758,
    "8_18": 104265.85961316751,
    "8_19": 133815.37075342194,
    "8_20": 71340.06806981907,
    "8_21": 202667.49605994602,
    "8_22": 132807.1517124409,
    "8_23": 152151.64351563525,
    "8_24": 248684.9322829436,
    "9_0": 163240.37060315436,
    "9_1": 205318.00259261296,
    "9_2": 196843.85999188537,
    "9_3": 113906.11560858811,
    "9_4": 179437.36251525063,
    "9_5": 172009.73578227113,
    "9_6": 80135.81164778631,
    "9_7": 193493.239982933,
    "9_8": 92062.75230600033,
    "9_9": 0.0,
    "9_10": 183019.41325301837,
    "9_11": 60724.95842486448,
    "9_12": 274759.1165395529,
    "9_13": 195926.96116411831,
    "9_14": 171785.84771325166,
    "9_15": 245094.06698961937,
    "9_16": 179655.89912403797,
    "9_17": 27979.21461934879,
    "9_18": 173670.39305201013,
    "9_19": 180346.7398169841,
    "9_20": 142563.62715705435,
    "9_21": 228479.7161404865,
    "9_22": 138016.725799374,
    "9_23": 187877.43582710816,
    "9_24": 198514.45041725272,
    "10_0": 29782.999133873338,
    "10_1": 202980.68480415907,
    "10_2": 228232.7949009418,
    "10_3": 157135.22730941031,
    "10_4": 32881.93027118663,
    "10_5": 201365.18323139305,
    "10_6": 103272.32906702148,
    "10_7": 70488.12815464882,
    "10_8": 111186.14496187729,
    "10_9": 183019.41325301837,
    "10_10": 0.0,
    "10_11": 216973.2235833669,